Season,Competition,Matchday,Date,Venue,Club,Opponent,Result,Playing_Position,Minute,At_score,Type,Goal_assist
3-Feb,Liga Portugal,6,10/7/2002,H,Sporting CP,Moreirense FC,3:00,LW,34,2:00,Solo run,
3-Feb,Liga Portugal,6,10/7/2002,H,Sporting CP,Moreirense FC,3:00,LW,90,3:00,Header,Rui Jorge
3-Feb,Liga Portugal,8,10/26/2002,A,Sporting CP,Boavista FC,1:02,,88,1:02,Right-footed shot,Carlos Martins
3-Feb,Taca de Portugal Placard,Fourth Round,11/24/2002,H,Sporting CP,CD Estarreja,4:01,,67,3:00,Left-footed shot,Cesar Prates
3-Feb,Taca de Portugal Placard,Fifth Round,12/18/2002,H,Sporting CP,FC Oliveira do Hospital,8:01,,13,3:00,,
4-Mar,Premier League,11,11/1/2003,H,Manchester United,Portsmouth FC,3:00,RW,80,2:00,Direct free kick,
4-Mar,FA Cup,Fifth Round,2/14/2004,H,Manchester United,Manchester City,4:02,RW,74,3:00,Right-footed shot,
4-Mar,Premier League,29,3/20/2004,H,Manchester United,Tottenham Hotspur,3:00,,89,2:00,Right-footed shot,
4-Mar,Premier League,32,4/10/2004,A,Manchester United,Birmingham City,1:02,,60,1:01,Header,Ryan Giggs
4-Mar,Premier League,38,5/15/2004,A,Manchester United,Aston Villa,0:02,,4,0:01,Right-footed shot,
4-Mar,FA Cup,Final,5/22/2004,H,Manchester United,Millwall FC,3:00,RW,44,1:00,Header,Gary Neville
5-Apr,Premier League,16,12/4/2004,H,Manchester United,Southampton FC,3:00,,87,3:00,Right-footed shot,Gary Neville
5-Apr,FA Cup,Third Round,1/19/2005,A,Manchester United,Exeter City,0:02,,9,0:01,,Paul Scholes
5-Apr,Premier League,24,1/22/2005,H,Manchester United,Aston Villa,3:01,,8,1:00,Right-footed shot,Louis Saha
5-Apr,Premier League,25,2/1/2005,A,Manchester United,Arsenal FC,2:04,RW,54,2:02,Left-footed shot,Ryan Giggs
5-Apr,Premier League,25,2/1/2005,A,Manchester United,Arsenal FC,2:04,RW,58,2:03,Tap-in,Ryan Giggs
5-Apr,FA Cup,Fifth Round,2/19/2005,A,Manchester United,Everton FC,0:02,,58,0:02,Tap-in,Paul Scholes
5-Apr,FA Cup,Sixth Round,3/12/2005,A,Manchester United,Southampton FC,0:04,,45,0:02,Left-footed shot,Ruud van Nistelrooy
5-Apr,Premier League,30,3/19/2005,H,Manchester United,Fulham FC,1:00,,21,1:00,Right-footed shot,Roy Keane
5-Apr,FA Cup,Semi-Finals,4/17/2005,A,Manchester United,Newcastle United,1:04,RW,76,1:04,Right-footed shot,Ruud van Nistelrooy
6-May,UEFA Champions League Qualifying,3rd round,8/9/2005,H,Manchester United,Debreceni VSC,3:00,,63,3:00,Right-footed shot,Paul Scholes
6-May,Premier League,11,10/29/2005,A,Manchester United,Middlesbrough FC,4:01,,90,4:01,Header,Paul Scholes
6-May,EFL Cup,Round of 16,11/30/2005,H,Manchester United,West Bromwich Albion,3:01,RW,12,1:01,Penalty,
6-May,Premier League,20,12/31/2005,H,Manchester United,Bolton Wanderers,4:01,,68,3:01,Right-footed shot,Wayne Rooney
6-May,Premier League,20,12/31/2005,H,Manchester United,Bolton Wanderers,4:01,,90,4:01,Left-footed shot,Ruud van Nistelrooy
6-May,Premier League,25,2/4/2006,H,Manchester United,Fulham FC,4:02,,14,2:00,Direct free kick,
6-May,Premier League,25,2/4/2006,H,Manchester United,Fulham FC,4:02,,87,4:02,Right-footed shot,
6-May,Premier League,26,2/11/2006,A,Manchester United,Portsmouth FC,1:03,RW,38,0:02,Left-footed shot,
6-May,Premier League,26,2/11/2006,A,Manchester United,Portsmouth FC,1:03,RW,45,0:03,Right-footed shot,Wayne Rooney
6-May,EFL Cup,Final,2/26/2006,H,Manchester United,Wigan Athletic,4:00,RW,59,3:00,,Louis Saha
6-May,Premier League,28,3/6/2006,A,Manchester United,Wigan Athletic,1:02,,74,1:01,Right-footed shot,Ruud van Nistelrooy
6-May,Premier League,38,5/7/2006,H,Manchester United,Charlton Athletic,4:00,RW,23,2:00,Left-footed shot,Ryan Giggs
7-Jun,Premier League,1,8/20/2006,H,Manchester United,Fulham FC,5:01,,19,4:00,,Wayne Rooney
7-Jun,Premier League,6,9/23/2006,A,Manchester United,Reading FC,1:01,CF,73,1:01,,John OShea
7-Jun,Premier League,10,10/28/2006,A,Manchester United,Bolton Wanderers,0:04,,82,0:03,,Louis Saha
7-Jun,Premier League,11,11/4/2006,H,Manchester United,Portsmouth FC,3:00,RW,10,2:00,Direct free kick,
7-Jun,Premier League,15,11/29/2006,H,Manchester United,Everton FC,3:00,,39,1:00,,
7-Jun,Premier League,17,12/9/2006,H,Manchester United,Manchester City,3:01,,84,3:01,,
7-Jun,Premier League,19,12/23/2006,A,Manchester United,Aston Villa,0:03,,58,0:01,,
7-Jun,Premier League,19,12/23/2006,A,Manchester United,Aston Villa,0:03,,85,0:03,,Gary Neville
7-Jun,Premier League,20,12/26/2006,H,Manchester United,Wigan Athletic,3:01,,47,1:00,,Paul Scholes
7-Jun,Premier League,20,12/26/2006,H,Manchester United,Wigan Athletic,3:01,,50,2:00,Penalty rebound,Ji-sung Park
7-Jun,Premier League,21,12/30/2006,H,Manchester United,Reading FC,3:02,RW,58,2:01,,Ole Gunnar Solskjaer
7-Jun,Premier League,21,12/30/2006,H,Manchester United,Reading FC,3:02,RW,77,3:01,,Ryan Giggs
7-Jun,Premier League,23,1/13/2007,H,Manchester United,Aston Villa,3:01,,34,3:00,Header,Michael Carrick
7-Jun,Premier League,25,1/31/2007,H,Manchester United,Watford FC,4:00,RW,12,1:00,Penalty,
7-Jun,Premier League,26,2/3/2007,A,Manchester United,Tottenham Hotspur,0:04,RW,45,0:01,Penalty,
7-Jun,Premier League,28,2/24/2007,A,Manchester United,Fulham FC,1:02,,88,1:02,Solo run,
7-Jun,FA Cup,Sixth Round,3/10/2007,A,Manchester United,Middlesbrough FC,2:02,RW,68,2:02,Penalty,
7-Jun,FA Cup,6th round,3/19/2007,H,Manchester United,Middlesbrough FC,1:00,,76,1:00,Penalty,
7-Jun,UEFA Champions League,Quarter-Finals,4/10/2007,H,Manchester United,AS Roma,7:01,RW,44,4:00,Right-footed shot,Ryan Giggs
7-Jun,UEFA Champions League,Quarter-Finals,4/10/2007,H,Manchester United,AS Roma,7:01,RW,49,5:00,Right-footed shot,Ryan Giggs
7-Jun,FA Cup,Semi-Finals,4/14/2007,A,Manchester United,Watford FC,1:04,,28,1:02,Right-footed shot,Wayne Rooney
7-Jun,UEFA Champions League,Semi-Finals,4/24/2007,H,Manchester United,AC Milan,3:02,RW,5,1:00,Header,Ryan Giggs
7-Jun,Premier League,37,5/5/2007,A,Manchester United,Manchester City,0:01,RW,34,0:01,Penalty,
8-Jul,UEFA Champions League,Group Stage,9/19/2007,A,Manchester United,Sporting CP,0:01,RW,62,0:01,Header,Wes Brown
8-Jul,Premier League,8,9/29/2007,A,Manchester United,Birmingham City,0:01,RW,51,0:01,,
8-Jul,Premier League,9,10/6/2007,H,Manchester United,Wigan Athletic,4:00,RW,59,2:00,Header,Ryan Giggs
8-Jul,Premier League,9,10/6/2007,H,Manchester United,Wigan Athletic,4:00,RW,76,3:00,Right-footed shot,Wayne Rooney
8-Jul,UEFA Champions League,Group Stage,10/23/2007,A,Manchester United,Dynamo Kyiv,2:04,RW,41,1:03,Penalty,
8-Jul,UEFA Champions League,Group Stage,10/23/2007,A,Manchester United,Dynamo Kyiv,2:04,RW,68,1:04,Header,Ryan Giggs
8-Jul,Premier League,12,11/3/2007,A,Manchester United,Arsenal FC,2:02,RW,82,1:02,,Patrice Evra
8-Jul,UEFA Champions League,Group Stage,11/7/2007,H,Manchester United,Dynamo Kyiv,4:00,RW,88,4:00,Right-footed shot,Patrice Evra
8-Jul,Premier League,13,11/11/2007,H,Manchester United,Blackburn Rovers,2:00,RW,34,1:00,Header,Ryan Giggs
8-Jul,Premier League,13,11/11/2007,H,Manchester United,Blackburn Rovers,2:00,RW,35,2:00,Right-footed shot,Carlos Tevez
8-Jul,UEFA Champions League,Group Stage,11/27/2007,H,Manchester United,Sporting CP,2:01,RW,90,2:01,Direct free kick,
8-Jul,Premier League,15,12/3/2007,H,Manchester United,Fulham FC,2:00,,10,1:00,Right-footed shot,Nemanja Vidicâ€Ž
8-Jul,Premier League,15,12/3/2007,H,Manchester United,Fulham FC,2:00,,58,2:00,Header,John OShea
8-Jul,Premier League,16,12/8/2007,H,Manchester United,Derby County,4:01,,90,4:01,Penalty,
8-Jul,Premier League,18,12/23/2007,H,Manchester United,Everton FC,2:01,RW,22,1:00,Left-footed shot,Carlos Tevez
8-Jul,Premier League,18,12/23/2007,H,Manchester United,Everton FC,2:01,RW,87,2:01,Penalty,
8-Jul,Premier League,19,12/26/2007,A,Manchester United,Sunderland AFC,0:04,,45,0:03,Direct free kick,
8-Jul,Premier League,20,12/29/2007,A,Manchester United,West Ham United,2:01,RW,14,0:01,Header,Ryan Giggs
8-Jul,FA Cup,Third Round,1/5/2008,A,Manchester United,Aston Villa,0:02,,81,0:01,Left-footed shot,Ryan Giggs
8-Jul,Premier League,22,1/12/2008,H,Manchester United,Newcastle United,6:00,RW,48,1:00,Direct free kick,
8-Jul,Premier League,22,1/12/2008,H,Manchester United,Newcastle United,6:00,RW,70,3:00,Right-footed shot,Carlos Tevez
8-Jul,Premier League,22,1/12/2008,H,Manchester United,Newcastle United,6:00,RW,88,5:00,Left-footed shot,
8-Jul,Premier League,23,1/19/2008,A,Manchester United,Reading FC,0:02,RW,90,0:02,Right-footed shot,
8-Jul,FA Cup,Fourth Round,1/27/2008,H,Manchester United,Tottenham Hotspur,3:01,RW,69,2:01,Penalty,
8-Jul,FA Cup,Fourth Round,1/27/2008,H,Manchester United,Tottenham Hotspur,3:01,RW,88,3:01,Right-footed shot,Ryan Giggs
8-Jul,Premier League,24,1/30/2008,H,Manchester United,Portsmouth FC,2:00,RW,10,1:00,Right-footed shot,Nani
8-Jul,Premier League,24,1/30/2008,H,Manchester United,Portsmouth FC,2:00,RW,12,2:00,Direct free kick,
8-Jul,Premier League,27,2/23/2008,A,Manchester United,Newcastle United,1:05,RW,45,0:02,Right-footed shot,Michael Carrick
8-Jul,Premier League,27,2/23/2008,A,Manchester United,Newcastle United,1:05,RW,56,0:03,Right-footed shot,
8-Jul,UEFA Champions League,last 16,3/4/2008,H,Manchester United,Olympique Lyon,1:00,RW,41,1:00,Left-footed shot,
8-Jul,Premier League,29,3/15/2008,A,Manchester United,Derby County,0:01,,76,0:01,Right-footed shot,Wayne Rooney
8-Jul,Premier League,30,3/19/2008,H,Manchester United,Bolton Wanderers,2:00,,8,1:00,Right-footed shot,
8-Jul,Premier League,30,3/19/2008,H,Manchester United,Bolton Wanderers,2:00,,19,2:00,Direct free kick,
8-Jul,Premier League,31,3/23/2008,H,Manchester United,Liverpool FC,3:00,RW,79,2:00,Header,Nani
8-Jul,Premier League,32,3/29/2008,H,Manchester United,Aston Villa,4:00,RW,16,1:00,Right-footed shot,
8-Jul,UEFA Champions League,Quarter-Finals,4/1/2008,A,Manchester United,AS Roma,0:02,RW,39,0:01,Header,Paul Scholes
8-Jul,Premier League,33,4/6/2008,A,Manchester United,Middlesbrough FC,2:02,RW,9,0:01,Left-footed shot,Michael Carrick
8-Jul,Premier League,34,4/13/2008,H,Manchester United,Arsenal FC,2:01,RW,53,1:01,Penalty,
8-Jul,Premier League,37,5/3/2008,H,Manchester United,West Ham United,4:01,RW,3,1:00,Right-footed shot,Edwin van der Sar
8-Jul,Premier League,37,5/3/2008,H,Manchester United,West Ham United,4:01,RW,24,2:00,Right-footed shot,Owen Hargreaves
8-Jul,Premier League,38,5/11/2008,A,Manchester United,Wigan Athletic,0:02,RW,32,0:01,Penalty,
8-Jul,UEFA Champions League,Final,5/21/2008,H,Manchester United,Chelsea FC,6:5 on pens,LW,26,1:00,Header,Wes Brown
9-Aug,EFL Cup,Third Round,9/23/2008,H,Manchester United,Middlesbrough FC,3:01,,25,1:00,Header,Ryan Giggs
9-Aug,Premier League,6,9/27/2008,H,Manchester United,Bolton Wanderers,2:00,RW,59,1:00,Penalty,
9-Aug,Premier League,8,10/18/2008,H,Manchester United,West Bromwich Albion,4:00,RW,69,2:00,Left-footed shot,Wayne Rooney
9-Aug,Premier League,10,10/29/2008,H,Manchester United,West Ham United,2:00,RW,14,1:00,Left-footed shot,Nani
9-Aug,Premier League,10,10/29/2008,H,Manchester United,West Ham United,2:00,RW,30,2:00,Right-footed shot,Dimitar Berbatov
9-Aug,Premier League,11,11/1/2008,H,Manchester United,Hull City,4:03,RW,3,1:00,Left-footed shot,Dimitar Berbatov
9-Aug,Premier League,11,11/1/2008,H,Manchester United,Hull City,4:03,RW,43,3:01,Header,Nani
9-Aug,Premier League,13,11/15/2008,H,Manchester United,Stoke City,5:00,RW,3,1:00,Direct free kick,
9-Aug,Premier League,13,11/15/2008,H,Manchester United,Stoke City,5:00,RW,88,5:00,Direct free kick,
9-Aug,FIFA Club World Cup,Semi-Finals,12/18/2008,A,Manchester United,Gamba Osaka,3:05,LW,45,0:02,Header,Ryan Giggs
9-Aug,EFL Cup,Semi-Finals,1/20/2009,H,Manchester United,Derby County,4:02,,89,4:01,Penalty,
9-Aug,Premier League,23,1/27/2009,A,Manchester United,West Bromwich Albion,0:05,LW,65,0:04,Right-footed shot,Ryan Giggs
9-Aug,Premier League,23,1/27/2009,A,Manchester United,West Bromwich Albion,0:05,LW,73,0:05,Right-footed shot,Dimitar Berbatov
9-Aug,Premier League,24,1/31/2009,H,Manchester United,Everton FC,1:00,LW,43,1:00,Penalty,
9-Aug,FA Cup,Fifth Round,2/15/2009,A,Manchester United,Derby County,1:04,CF,68,1:03,Header,Ryan Giggs
9-Aug,Premier League,26,2/21/2009,H,Manchester United,Blackburn Rovers,2:01,,60,2:01,Direct free kick,
9-Aug,UEFA Champions League,last 16,3/11/2009,H,Manchester United,FC Internazionale,2:00,RW,49,2:00,Header,Wayne Rooney
9-Aug,Premier League,29,3/14/2009,H,Manchester United,Liverpool FC,1:04,RW,22,1:00,Penalty,
9-Aug,Premier League,31,4/5/2009,H,Manchester United,Aston Villa,3:02,RW,11,1:00,Direct free kick,
9-Aug,Premier League,31,4/5/2009,H,Manchester United,Aston Villa,3:02,RW,80,2:02,Left-footed shot,Michael Carrick
9-Aug,UEFA Champions League,Quarter-Finals,4/15/2009,A,Manchester United,FC Porto,0:01,RW,6,0:01,Long distance kick,Anderson
9-Aug,Premier League,34,4/25/2009,H,Manchester United,Tottenham Hotspur,5:02,RW,57,1:02,Penalty,
9-Aug,Premier League,34,4/25/2009,H,Manchester United,Tottenham Hotspur,5:02,RW,68,3:02,Header,Wayne Rooney
9-Aug,UEFA Champions League,Semi-Finals,5/5/2009,A,Manchester United,Arsenal FC,1:03,CF,11,0:02,Direct free kick,
9-Aug,UEFA Champions League,Semi-Finals,5/5/2009,A,Manchester United,Arsenal FC,1:03,CF,61,0:03,Right-footed shot,Wayne Rooney
9-Aug,Premier League,36,5/10/2009,H,Manchester United,Manchester City,2:00,RW,17,1:00,Direct free kick,
10-Sep,LaLiga,1,8/29/2009,H,Real Madrid,Deportivo de La CoruÃ±a,3:02,RW,35,2:01,Penalty,
10-Sep,LaLiga,2,9/12/2009,A,Real Madrid,RCD Espanyol Barcelona,0:03,,90,0:03,Right-footed shot,Guti
10-Sep,UEFA Champions League,Group Stage,9/15/2009,A,Real Madrid,FC ZÃ¼rich,2:05,CF,27,0:01,Direct free kick,
10-Sep,UEFA Champions League,Group Stage,9/15/2009,A,Real Madrid,FC ZÃ¼rich,2:05,CF,89,2:04,Direct free kick,
10-Sep,LaLiga,3,9/20/2009,H,Real Madrid,Xerez CD,5:00,RW,1,1:00,Right-footed shot,
10-Sep,LaLiga,3,9/20/2009,H,Real Madrid,Xerez CD,5:00,RW,75,2:00,Header,Esteban Granero
10-Sep,LaLiga,4,9/23/2009,A,Real Madrid,Villarreal CF,0:02,CF,2,0:01,Right-footed shot,
10-Sep,UEFA Champions League,Group Stage,9/30/2009,H,Real Madrid,Olympique Marseille,3:00,CF,58,1:00,Left-footed shot,Pepe
10-Sep,UEFA Champions League,Group Stage,9/30/2009,H,Real Madrid,Olympique Marseille,3:00,CF,64,3:00,Right-footed shot,Karim Benzema
10-Sep,LaLiga,13,12/5/2009,H,Real Madrid,UD Almeria,4:02,CF,84,4:02,Right-footed shot,Gonzalo Higuain
10-Sep,UEFA Champions League,Group Stage,12/8/2009,A,Real Madrid,Olympique Marseille,1:03,CF,5,0:01,Direct free kick,
10-Sep,UEFA Champions League,Group Stage,12/8/2009,A,Real Madrid,Olympique Marseille,1:03,CF,80,1:03,Right-footed shot,Lassana Diarra
10-Sep,LaLiga,15,12/19/2009,H,Real Madrid,Real Zaragoza,6:00,CF,50,5:00,Left-footed shot,Ezequiel Garay
10-Sep,LaLiga,19,1/24/2010,H,Real Madrid,Malaga CF,2:00,RW,35,1:00,Right-footed shot,Kaka
10-Sep,LaLiga,19,1/24/2010,H,Real Madrid,Malaga CF,2:00,RW,39,2:00,Right-footed shot,Guti
10-Sep,LaLiga,22,2/13/2010,A,Real Madrid,Xerez CD,0:03,,69,0:02,Header,Kaka
10-Sep,LaLiga,22,2/13/2010,A,Real Madrid,Xerez CD,0:03,,71,0:03,Left-footed shot,Kaka
10-Sep,LaLiga,23,2/21/2010,H,Real Madrid,Villarreal CF,6:02,,18,1:00,Direct free kick,
10-Sep,LaLiga,24,2/27/2010,A,Real Madrid,CD Tenerife,1:05,,78,1:04,Penalty,
10-Sep,LaLiga,25,3/6/2010,H,Real Madrid,Sevilla FC,3:02,CF,59,1:02,Left-footed shot,
10-Sep,UEFA Champions League,last 16,3/10/2010,H,Real Madrid,Olympique Lyon,1:01,LW,6,1:00,Left-footed shot,Guti
10-Sep,LaLiga,26,3/14/2010,A,Real Madrid,Real Valladolid CF,1:04,CF,29,0:01,Direct free kick,
10-Sep,LaLiga,28,3/25/2010,A,Real Madrid,Getafe CF,2:04,,13,0:01,Direct free kick,
10-Sep,LaLiga,28,3/25/2010,A,Real Madrid,Getafe CF,2:04,,36,0:04,Right-footed shot,
10-Sep,LaLiga,30,4/4/2010,A,Real Madrid,Racing Santander,0:02,,23,0:01,Penalty,
10-Sep,LaLiga,32,4/15/2010,A,Real Madrid,UD Almeria,1:02,,26,1:01,Left-footed shot,
10-Sep,LaLiga,33,4/18/2010,H,Real Madrid,Valencia CF,2:00,CF,77,2:00,Right-footed shot,Marcelo
10-Sep,LaLiga,35,5/2/2010,H,Real Madrid,CA Osasuna,3:02,,25,1:01,Right-footed shot,
10-Sep,LaLiga,35,5/2/2010,H,Real Madrid,CA Osasuna,3:02,,89,3:02,Header,Gonzalo Higuain
10-Sep,LaLiga,36,5/5/2010,A,Real Madrid,RCD Mallorca,1:04,,26,1:01,Right-footed shot,Sergio Ramos
10-Sep,LaLiga,36,5/5/2010,A,Real Madrid,RCD Mallorca,1:04,,56,1:02,Right-footed shot,Sergio Ramos
10-Sep,LaLiga,36,5/5/2010,A,Real Madrid,RCD Mallorca,1:04,,71,1:03,Right-footed shot,
10-Sep,LaLiga,37,5/8/2010,H,Real Madrid,Athletic Bilbao,5:01,CF,21,1:00,Penalty,
11-Oct,LaLiga,4,9/21/2010,H,Real Madrid,RCD Espanyol Barcelona,3:00,LW,28,1:00,Penalty,
11-Oct,LaLiga,6,10/3/2010,H,Real Madrid,Deportivo de La CoruÃ±a,6:01,LW,4,1:00,Header,Mesut Ozil
11-Oct,LaLiga,6,10/3/2010,H,Real Madrid,Deportivo de La CoruÃ±a,6:01,LW,89,6:01,Left-footed shot,Xabi Alonso
11-Oct,LaLiga,7,10/16/2010,A,Real Madrid,Malaga CF,1:04,LW,45,0:02,Right-footed shot,Mesut Ozil
11-Oct,LaLiga,7,10/16/2010,A,Real Madrid,Malaga CF,1:04,LW,50,0:03,Penalty,
11-Oct,UEFA Champions League,Group Stage,10/19/2010,H,Real Madrid,AC Milan,2:00,LW,13,1:00,Direct free kick,
11-Oct,LaLiga,8,10/23/2010,H,Real Madrid,Racing Santander,6:01,LW,15,2:00,Right-footed shot,Gonzalo Higuain
11-Oct,LaLiga,8,10/23/2010,H,Real Madrid,Racing Santander,6:01,LW,26,3:00,Left-footed shot,Mesut Ozil
11-Oct,LaLiga,8,10/23/2010,H,Real Madrid,Racing Santander,6:01,LW,47,4:00,Right-footed shot,Angel Di Maria
11-Oct,LaLiga,8,10/23/2010,H,Real Madrid,Racing Santander,6:01,LW,55,5:00,Penalty,
11-Oct,LaLiga,9,10/30/2010,A,Real Madrid,Hercules CF,1:03,LW,82,1:02,Right-footed shot,Karim Benzema
11-Oct,LaLiga,9,10/30/2010,A,Real Madrid,Hercules CF,1:03,LW,86,1:03,Right-footed shot,Karim Benzema
11-Oct,Copa del Rey,4th round,11/10/2010,H,Real Madrid,Real Murcia CF,5:01,,76,3:00,Left-footed shot,Angel Di Maria
11-Oct,LaLiga,12,11/20/2010,H,Real Madrid,Athletic Bilbao,5:01,LW,30,2:00,Left-footed shot,Mesut Ozil
11-Oct,LaLiga,12,11/20/2010,H,Real Madrid,Athletic Bilbao,5:01,LW,62,4:01,Direct free kick,
11-Oct,LaLiga,12,11/20/2010,H,Real Madrid,Athletic Bilbao,5:01,LW,90,5:01,Penalty,
11-Oct,UEFA Champions League,Group Stage,11/23/2010,A,Real Madrid,Ajax Amsterdam,0:04,LW,70,0:03,Left-footed shot,Angel Di Maria
11-Oct,UEFA Champions League,Group Stage,11/23/2010,A,Real Madrid,Ajax Amsterdam,0:04,LW,81,0:04,Penalty,
11-Oct,LaLiga,14,12/4/2010,H,Real Madrid,Valencia CF,2:00,LW,72,1:00,Left-footed shot,Mesut Ozil
11-Oct,LaLiga,14,12/4/2010,H,Real Madrid,Valencia CF,2:00,LW,86,2:00,Right-footed shot,
11-Oct,UEFA Champions League,Group Stage,12/8/2010,H,Real Madrid,AJ Auxerre,4:00,LW,49,2:00,Right-footed shot,Marcelo
11-Oct,LaLiga,15,12/12/2010,A,Real Madrid,Real Zaragoza,1:03,LW,43,0:02,Direct free kick,
11-Oct,Copa del Rey,last 16,12/22/2010,H,Real Madrid,Levante UD,8:00,LW,44,4:00,Right-footed shot,Karim Benzema
11-Oct,Copa del Rey,last 16,12/22/2010,H,Real Madrid,Levante UD,8:00,LW,71,6:00,Right-footed shot,Angel Di Maria
11-Oct,Copa del Rey,last 16,12/22/2010,H,Real Madrid,Levante UD,8:00,LW,73,7:00,Right-footed shot,Karim Benzema
11-Oct,LaLiga,17,1/3/2011,A,Real Madrid,Getafe CF,2:03,LW,11,0:01,Penalty,
11-Oct,LaLiga,17,1/3/2011,A,Real Madrid,Getafe CF,2:03,LW,57,1:03,Right-footed shot,Karim Benzema
11-Oct,LaLiga,18,1/9/2011,H,Real Madrid,Villarreal CF,4:02,LW,10,1:01,Right-footed shot,Mesut Ozil
11-Oct,LaLiga,18,1/9/2011,H,Real Madrid,Villarreal CF,4:02,LW,45,2:02,Header,Xabi Alonso
11-Oct,LaLiga,18,1/9/2011,H,Real Madrid,Villarreal CF,4:02,LW,79,3:02,Left-footed shot,Kaka
11-Oct,Copa del Rey,Quarter-Finals,1/13/2011,H,Real Madrid,Atletico de Madrid,3:01,LW,60,2:01,Right-footed shot,Mesut Ozil
11-Oct,Copa del Rey,Quarter-Finals,1/20/2011,A,Real Madrid,Atletico de Madrid,0:01,CF,22,0:01,Right-footed shot,Sergio Ramos
11-Oct,LaLiga,22,2/6/2011,H,Real Madrid,Real Sociedad,4:01,LW,20,2:00,Left-footed shot,Kaka
11-Oct,LaLiga,22,2/6/2011,H,Real Madrid,Real Sociedad,4:01,LW,42,3:00,Header,Mesut Ozil
11-Oct,LaLiga,26,3/3/2011,H,Real Madrid,Malaga CF,7:00,LW,50,4:00,Left-footed shot,Mesut Ozil
11-Oct,LaLiga,26,3/3/2011,H,Real Madrid,Malaga CF,7:00,LW,67,6:00,Penalty,
11-Oct,LaLiga,26,3/3/2011,H,Real Madrid,Malaga CF,7:00,LW,76,7:00,Right-footed shot,Sergio Canales
11-Oct,UEFA Champions League,Quarter-Finals,4/5/2011,H,Real Madrid,Tottenham Hotspur,4:00,LW,87,4:00,Right-footed shot,Kaka
11-Oct,LaLiga,31,4/9/2011,A,Real Madrid,Athletic Bilbao,0:03,CF,70,0:03,Right-footed shot,Esteban Granero
11-Oct,UEFA Champions League,Quarter-Finals,4/13/2011,A,Real Madrid,Tottenham Hotspur,0:01,RW,50,0:01,Right-footed shot,Sami Khedira
11-Oct,LaLiga,32,4/16/2011,H,Real Madrid,FC Barcelona,1:01,LW,82,1:01,Penalty,
11-Oct,Copa del Rey,Final,4/20/2011,A,Real Madrid,FC Barcelona,0:1 AET,CF,103,0:01,Header,Angel Di Maria
11-Oct,LaLiga,35,5/7/2011,A,Real Madrid,Sevilla FC,2:06,LW,30,0:02,Right-footed shot,Pepe
11-Oct,LaLiga,35,5/7/2011,A,Real Madrid,Sevilla FC,2:06,LW,64,1:04,Right-footed shot,
11-Oct,LaLiga,35,5/7/2011,A,Real Madrid,Sevilla FC,2:06,LW,70,1:05,Right-footed shot,Mesut Ozil
11-Oct,LaLiga,35,5/7/2011,A,Real Madrid,Sevilla FC,2:06,LW,76,1:06,Right-footed shot,Karim Benzema
11-Oct,LaLiga,36,5/10/2011,H,Real Madrid,Getafe CF,4:00,LW,23,1:00,Header,Mesut Ozil
11-Oct,LaLiga,36,5/10/2011,H,Real Madrid,Getafe CF,4:00,LW,57,2:00,Left-footed shot,Mesut Ozil
11-Oct,LaLiga,36,5/10/2011,H,Real Madrid,Getafe CF,4:00,LW,90,4:00,Penalty,
11-Oct,LaLiga,37,5/15/2011,A,Real Madrid,Villarreal CF,1:03,CF,22,0:02,Direct free kick,
11-Oct,LaLiga,37,5/15/2011,A,Real Madrid,Villarreal CF,1:03,CF,90,1:03,Direct free kick,
11-Oct,LaLiga,38,5/21/2011,H,Real Madrid,UD Almeria,8:01,LW,4,1:00,Right-footed shot,Sergio Ramos
11-Oct,LaLiga,38,5/21/2011,H,Real Madrid,UD Almeria,8:01,LW,76,7:01,Right-footed shot,Sergio Ramos
12-Nov,Supercopa,final,8/17/2011,A,Real Madrid,FC Barcelona,3:02,LW,20,1:01,Right-footed shot,Karim Benzema
12-Nov,LaLiga,2,8/28/2011,A,Real Madrid,Real Zaragoza,0:06,LW,23,0:01,Left-footed shot,Mesut Ozil
12-Nov,LaLiga,2,8/28/2011,A,Real Madrid,Real Zaragoza,0:06,LW,70,0:04,Right-footed shot,Angel Di Maria
12-Nov,LaLiga,2,8/28/2011,A,Real Madrid,Real Zaragoza,0:06,LW,86,0:06,Right-footed shot,Kaka
12-Nov,LaLiga,3,9/10/2011,H,Real Madrid,Getafe CF,4:02,LW,59,2:01,Penalty,
12-Nov,LaLiga,6,9/24/2011,H,Real Madrid,Rayo Vallecano,6:02,LW,39,1:01,Left-footed shot,Kaka
12-Nov,LaLiga,6,9/24/2011,H,Real Madrid,Rayo Vallecano,6:02,LW,51,3:01,Penalty,
12-Nov,LaLiga,6,9/24/2011,H,Real Madrid,Rayo Vallecano,6:02,LW,84,6:02,Penalty,
12-Nov,UEFA Champions League,Group Stage,9/27/2011,H,Real Madrid,Ajax Amsterdam,3:00,LW,25,1:00,Right-footed shot,Karim Benzema
12-Nov,LaLiga,9,10/22/2011,A,Real Madrid,Malaga CF,0:04,LW,24,0:02,Left-footed shot,Angel Di Maria
12-Nov,LaLiga,9,10/22/2011,A,Real Madrid,Malaga CF,0:04,LW,28,0:03,Right-footed shot,Xabi Alonso
12-Nov,LaLiga,9,10/22/2011,A,Real Madrid,Malaga CF,0:04,LW,38,0:04,Right-footed shot,Sergio Ramos
12-Nov,UEFA Champions League,Group Stage,11/2/2011,A,Real Madrid,Olympique Lyon,0:02,LW,25,0:01,Direct free kick,
12-Nov,UEFA Champions League,Group Stage,11/2/2011,A,Real Madrid,Olympique Lyon,0:02,LW,69,0:02,Penalty,
12-Nov,LaLiga,12,11/6/2011,H,Real Madrid,CA Osasuna,7:01,LW,23,1:00,Header,Angel Di Maria
12-Nov,LaLiga,12,11/6/2011,H,Real Madrid,CA Osasuna,7:01,LW,55,4:01,Penalty,
12-Nov,LaLiga,12,11/6/2011,H,Real Madrid,CA Osasuna,7:01,LW,58,5:01,Header,Alvaro Arbeloa
12-Nov,LaLiga,13,11/19/2011,A,Real Madrid,Valencia CF,2:03,LW,79,1:03,Right-footed shot,Pepe
12-Nov,LaLiga,14,11/26/2011,H,Real Madrid,Atletico de Madrid,4:01,LW,24,1:01,Penalty,
12-Nov,LaLiga,14,11/26/2011,H,Real Madrid,Atletico de Madrid,4:01,LW,82,4:01,Penalty,
12-Nov,LaLiga,15,12/3/2011,A,Real Madrid,Sporting GijÃ³n,0:03,LW,65,0:02,Right-footed shot,Angel Di Maria
12-Nov,Copa del Rey,4th round,12/13/2011,A,Real Madrid,SD Ponferradina,0:02,LW,74,0:02,Left-footed shot,Gonzalo Higuain
12-Nov,LaLiga,17,12/17/2011,A,Real Madrid,Sevilla FC,2:06,LW,10,0:01,Right-footed shot,Angel Di Maria
12-Nov,LaLiga,17,12/17/2011,A,Real Madrid,Sevilla FC,2:06,LW,41,0:03,Right-footed shot,Karim Benzema
12-Nov,LaLiga,17,12/17/2011,A,Real Madrid,Sevilla FC,2:06,LW,86,1:05,Penalty,
12-Nov,LaLiga,18,1/7/2012,H,Real Madrid,Granada CF,5:01,LW,89,5:01,Right-footed shot,
12-Nov,Copa del Rey,Quarter-Finals,1/18/2012,H,Real Madrid,FC Barcelona,1:02,LW,11,1:00,Left-footed shot,Karim Benzema
12-Nov,LaLiga,1,1/22/2012,H,Real Madrid,Athletic Bilbao,4:01,LW,46,2:01,Penalty,
12-Nov,LaLiga,1,1/22/2012,H,Real Madrid,Athletic Bilbao,4:01,LW,67,3:01,Penalty,
12-Nov,Copa del Rey,Quarter-Finals,1/25/2012,A,Real Madrid,FC Barcelona,2:02,LW,68,2:01,Right-footed shot,Mesut Ozil
12-Nov,LaLiga,21,1/28/2012,H,Real Madrid,Real Zaragoza,3:01,LW,48,2:01,Right-footed shot,Mesut Ozil
12-Nov,LaLiga,23,2/12/2012,H,Real Madrid,Levante UD,4:02,LW,45,1:01,Penalty,
12-Nov,LaLiga,23,2/12/2012,H,Real Madrid,Levante UD,4:02,LW,50,2:01,Header,Gonzalo Higuain
12-Nov,LaLiga,23,2/12/2012,H,Real Madrid,Levante UD,4:02,LW,57,3:01,Right-footed shot,Fabio CoentrÃ£o
12-Nov,LaLiga,24,2/18/2012,H,Real Madrid,Racing Santander,4:00,LW,6,1:00,Header,Kaka
12-Nov,UEFA Champions League,last 16,2/21/2012,A,Real Madrid,CSKA Moscow,1:01,LW,28,0:01,Left-footed shot,Fabio CoentrÃ£o
12-Nov,LaLiga,25,2/26/2012,A,Real Madrid,Rayo Vallecano,0:01,LW,53,0:01,Right-footed shot,
12-Nov,LaLiga,26,3/4/2012,H,Real Madrid,RCD Espanyol Barcelona,5:00,LW,23,1:00,Left-footed shot,Gonzalo Higuain
12-Nov,LaLiga,27,3/10/2012,A,Real Madrid,Real Betis Balompie,2:03,LW,52,1:02,Left-footed shot,Marcelo
12-Nov,LaLiga,27,3/10/2012,A,Real Madrid,Real Betis Balompie,2:03,LW,73,2:03,Left-footed shot,
12-Nov,UEFA Champions League,last 16,3/14/2012,H,Real Madrid,CSKA Moscow,4:01,LW,55,2:00,Right-footed shot,Sergio Ramos
12-Nov,UEFA Champions League,last 16,3/14/2012,H,Real Madrid,CSKA Moscow,4:01,LW,90,4:01,Right-footed shot,Karim Benzema
12-Nov,LaLiga,29,3/21/2012,A,Real Madrid,Villarreal CF,1:01,LW,61,0:01,Right-footed shot,Mesut Ozil
12-Nov,LaLiga,30,3/24/2012,H,Real Madrid,Real Sociedad,5:01,LW,32,2:00,Right-footed shot,Kaka
12-Nov,LaLiga,30,3/24/2012,H,Real Madrid,Real Sociedad,5:01,LW,55,5:01,Right-footed shot,Gonzalo Higuain
12-Nov,LaLiga,31,3/31/2012,A,Real Madrid,CA Osasuna,1:05,LW,37,0:02,Long distance kick,Xabi Alonso
12-Nov,LaLiga,31,3/31/2012,A,Real Madrid,CA Osasuna,1:05,LW,70,1:04,Direct free kick,
12-Nov,UEFA Champions League,Quarter-Finals,4/4/2012,H,Real Madrid,APOEL Nicosia,5:02,LW,26,1:00,Right-footed shot,Marcelo
12-Nov,UEFA Champions League,Quarter-Finals,4/4/2012,H,Real Madrid,APOEL Nicosia,5:02,LW,75,3:01,Direct free kick,
12-Nov,LaLiga,33,4/11/2012,A,Real Madrid,Atletico de Madrid,1:04,LW,24,0:01,Direct free kick,
12-Nov,LaLiga,33,4/11/2012,A,Real Madrid,Atletico de Madrid,1:04,LW,67,1:02,Long distance kick,
12-Nov,LaLiga,33,4/11/2012,A,Real Madrid,Atletico de Madrid,1:04,LW,82,1:03,Penalty,
12-Nov,LaLiga,34,4/14/2012,H,Real Madrid,Sporting GijÃ³n,3:01,LW,74,2:01,Header,Angel Di Maria
12-Nov,LaLiga,35,4/21/2012,A,Real Madrid,FC Barcelona,1:02,LW,73,1:02,Right-footed shot,Mesut Ozil
12-Nov,UEFA Champions League,Semi-Finals,4/25/2012,H,Real Madrid,Bayern Munich,3:4 on pens,LW,6,1:00,Penalty,
12-Nov,UEFA Champions League,Semi-Finals,4/25/2012,H,Real Madrid,Bayern Munich,3:4 on pens,LW,14,2:00,Right-footed shot,Mesut Ozil
12-Nov,LaLiga,36,4/29/2012,H,Real Madrid,Sevilla FC,3:00,LW,19,1:00,Right-footed shot,Karim Benzema
12-Nov,LaLiga,20,5/2/2012,A,Real Madrid,Athletic Bilbao,0:03,LW,49,0:03,Header,Xabi Alonso
12-Nov,LaLiga,37,5/5/2012,A,Real Madrid,Granada CF,1:02,LW,81,1:01,Penalty,
12-Nov,LaLiga,38,5/13/2012,H,Real Madrid,RCD Mallorca,4:01,LW,18,1:00,Header,Marcelo
13-Dec,Supercopa,final,8/23/2012,A,Real Madrid,FC Barcelona,3:02,LW,55,0:01,Header,Mesut Ozil
13-Dec,Supercopa,final,8/29/2012,H,Real Madrid,FC Barcelona,2:01,LW,19,2:00,Right-footed shot,Sami Khedira
13-Dec,LaLiga,3,9/2/2012,H,Real Madrid,Granada CF,3:00,LW,25,1:00,Right-footed shot,Jose CallejÃ³n
13-Dec,LaLiga,3,9/2/2012,H,Real Madrid,Granada CF,3:00,LW,53,2:00,Left-footed shot,
13-Dec,UEFA Champions League,Group Stage,9/18/2012,H,Real Madrid,Manchester City,3:02,LW,90,3:02,Right-footed shot,Marcelo
13-Dec,LaLiga,5,9/24/2012,A,Real Madrid,Rayo Vallecano,0:02,LW,69,0:02,Penalty,
13-Dec,LaLiga,6,9/30/2012,H,Real Madrid,Deportivo de La CoruÃ±a,5:01,LW,23,1:01,Penalty,
13-Dec,LaLiga,6,9/30/2012,H,Real Madrid,Deportivo de La CoruÃ±a,5:01,LW,44,3:01,Header,Sergio Ramos
13-Dec,LaLiga,6,9/30/2012,H,Real Madrid,Deportivo de La CoruÃ±a,5:01,LW,84,5:01,Penalty,
13-Dec,UEFA Champions League,Group Stage,10/3/2012,A,Real Madrid,Ajax Amsterdam,1:04,LW,42,0:01,Right-footed shot,Karim Benzema
13-Dec,UEFA Champions League,Group Stage,10/3/2012,A,Real Madrid,Ajax Amsterdam,1:04,LW,79,1:03,Right-footed shot,Karim Benzema
13-Dec,UEFA Champions League,Group Stage,10/3/2012,A,Real Madrid,Ajax Amsterdam,1:04,LW,81,1:04,Left-footed shot,Sami Khedira
13-Dec,LaLiga,7,10/7/2012,A,Real Madrid,FC Barcelona,2:02,LW,22,0:01,Left-footed shot,Karim Benzema
13-Dec,LaLiga,7,10/7/2012,A,Real Madrid,FC Barcelona,2:02,LW,66,2:02,Right-footed shot,Mesut Ozil
13-Dec,LaLiga,8,10/20/2012,H,Real Madrid,Celta de Vigo,2:00,LW,67,2:00,Penalty,
13-Dec,UEFA Champions League,Group Stage,10/24/2012,A,Real Madrid,Borussia Dortmund,2:01,LW,38,1:01,Right-footed shot,Mesut Ozil
13-Dec,LaLiga,9,10/28/2012,A,Real Madrid,RCD Mallorca,0:05,LW,22,0:02,Right-footed shot,Gonzalo Higuain
13-Dec,LaLiga,9,10/28/2012,A,Real Madrid,RCD Mallorca,0:05,LW,73,0:04,Right-footed shot,Gonzalo Higuain
13-Dec,LaLiga,11,11/11/2012,A,Real Madrid,Levante UD,1:02,CF,20,0:01,Right-footed shot,
13-Dec,LaLiga,14,12/1/2012,H,Real Madrid,Atletico de Madrid,2:00,LW,16,1:00,Direct free kick,
13-Dec,UEFA Champions League,Group Stage,12/4/2012,H,Real Madrid,Ajax Amsterdam,4:01,LW,13,1:00,Right-footed shot,Karim Benzema
13-Dec,Copa del Rey,last 16,12/12/2012,A,Real Madrid,Celta de Vigo,2:01,LW,87,2:01,Left-footed shot,Xabi Alonso
13-Dec,LaLiga,16,12/16/2012,H,Real Madrid,RCD Espanyol Barcelona,2:02,CF,45,1:01,Right-footed shot,Sami Khedira
13-Dec,LaLiga,18,1/6/2013,H,Real Madrid,Real Sociedad,4:03,LW ,67,3:02,Left-footed shot,Karim Benzema
13-Dec,LaLiga,18,1/6/2013,H,Real Madrid,Real Sociedad,4:03,LW ,70,4:02,Direct free kick,
13-Dec,Copa del Rey,last 16,1/9/2013,H,Real Madrid,Celta de Vigo,4:00,LW,2,1:00,Right-footed shot,Alvaro Arbeloa
13-Dec,Copa del Rey,last 16,1/9/2013,H,Real Madrid,Celta de Vigo,4:00,LW,24,2:00,Left-footed shot,Luka Modric
13-Dec,Copa del Rey,last 16,1/9/2013,H,Real Madrid,Celta de Vigo,4:00,LW,87,3:00,Left-footed shot,Gonzalo Higuain
13-Dec,LaLiga,20,1/20/2013,A,Real Madrid,Valencia CF,0:05,LW,35,0:03,Left-footed shot,Fabio CoentrÃ£o
13-Dec,LaLiga,20,1/20/2013,A,Real Madrid,Valencia CF,0:05,LW,41,0:04,Right-footed shot,Mesut Ozil
13-Dec,LaLiga,21,1/27/2013,H,Real Madrid,Getafe CF,4:00,LW,62,2:00,Left-footed shot,Mesut Ozil
13-Dec,LaLiga,21,1/27/2013,H,Real Madrid,Getafe CF,4:00,LW,65,3:00,Header,Angel Di Maria
13-Dec,LaLiga,21,1/27/2013,H,Real Madrid,Getafe CF,4:00,LW,72,4:00,Penalty,
13-Dec,LaLiga,23,2/9/2013,H,Real Madrid,Sevilla FC,4:01,LW,26,2:00,Left-footed shot,Kaka
13-Dec,LaLiga,23,2/9/2013,H,Real Madrid,Sevilla FC,4:01,LW,46,3:00,Left-footed shot,Alvaro Arbeloa
13-Dec,LaLiga,23,2/9/2013,H,Real Madrid,Sevilla FC,4:01,LW,59,4:00,Right-footed shot,Gonzalo Higuain
13-Dec,UEFA Champions League,last 16,2/13/2013,H,Real Madrid,Manchester United,1:01,LW,30,1:01,Header,Angel Di Maria
13-Dec,Copa del Rey,Semi-Finals,2/26/2013,A,Real Madrid,FC Barcelona,1:03,LW,12,0:01,Penalty,
13-Dec,Copa del Rey,Semi-Finals,2/26/2013,A,Real Madrid,FC Barcelona,1:03,LW,57,0:02,Left-footed shot,
13-Dec,UEFA Champions League,last 16,3/5/2013,A,Real Madrid,Manchester United,1:02,LW,69,1:02,Right-footed shot,Gonzalo Higuain
13-Dec,LaLiga,27,3/10/2013,A,Real Madrid,Celta de Vigo,1:02,LW,61,0:01,Left-footed shot,Jose CallejÃ³n
13-Dec,LaLiga,27,3/10/2013,A,Real Madrid,Celta de Vigo,1:02,LW,71,1:02,Penalty,
13-Dec,LaLiga,28,3/16/2013,H,Real Madrid,RCD Mallorca,5:02,LW,52,2:02,Header,Mesut Ozil
13-Dec,LaLiga,29,3/30/2013,A,Real Madrid,Real Zaragoza,1:01,LW,38,1:01,Long distance kick,
13-Dec,UEFA Champions League,Quarter-Finals,4/3/2013,H,Real Madrid,Galatasaray,3:00,LW,9,1:00,Left-footed shot,Mesut Ozil
13-Dec,LaLiga,30,4/6/2013,H,Real Madrid,Levante UD,5:01,CF,84,3:01,Right-footed shot,Gonzalo Higuain
13-Dec,UEFA Champions League,Quarter-Finals,4/9/2013,A,Real Madrid,Galatasaray,3:02,LW,8,0:01,Right-footed shot,Sami Khedira
13-Dec,UEFA Champions League,Quarter-Finals,4/9/2013,A,Real Madrid,Galatasaray,3:02,LW,90,3:02,Right-footed shot,Karim Benzema
13-Dec,LaLiga,31,4/14/2013,A,Real Madrid,Athletic Bilbao,0:03,LW,2,0:01,Direct free kick,
13-Dec,LaLiga,31,4/14/2013,A,Real Madrid,Athletic Bilbao,0:03,LW,68,0:02,Header,Xabi Alonso
13-Dec,UEFA Champions League,Semi-Finals,4/24/2013,A,Real Madrid,Borussia Dortmund,4:01,LW,43,1:01,Right-footed shot,Gonzalo Higuain
13-Dec,LaLiga,34,5/4/2013,H,Real Madrid,Real Valladolid CF,4:03,LW,32,2:01,Header,Angel Di Maria
13-Dec,LaLiga,34,5/4/2013,H,Real Madrid,Real Valladolid CF,4:03,LW,70,4:02,Header,Mesut Ozil
13-Dec,LaLiga,36,5/8/2013,H,Real Madrid,Malaga CF,6:02,LW ,26,2:01,Right-footed shot,Xabi Alonso
13-Dec,Copa del Rey,Final,5/17/2013,A,Real Madrid,Atletico de Madrid,2:1 AET,LW,14,0:01,Header,Luka Modric
13/14,LaLiga,3,9/1/2013,H,Real Madrid,Athletic Bilbao,3:01,LW,45,2:00,Header,Angel Di Maria
13/14,LaLiga,4,9/14/2013,A,Real Madrid,Villarreal CF,2:02,LW,64,1:02,Right-footed shot,
13/14,UEFA Champions League,Group Stage,9/17/2013,A,Real Madrid,Galatasaray,1:06,LW,63,0:03,Left-footed shot,Isco
13/14,UEFA Champions League,Group Stage,9/17/2013,A,Real Madrid,Galatasaray,1:06,LW,66,0:04,Tap-in,Sergio Ramos
13/14,UEFA Champions League,Group Stage,9/17/2013,A,Real Madrid,Galatasaray,1:06,LW,90,1:06,Left-footed shot,Karim Benzema
13/14,LaLiga,5,9/22/2013,H,Real Madrid,Getafe CF,4:01,LW,34,2:01,Penalty,
13/14,LaLiga,5,9/22/2013,H,Real Madrid,Getafe CF,4:01,LW,90,4:01,Right-footed shot,Sami Khedira
13/14,LaLiga,6,9/25/2013,A,Real Madrid,Elche CF,1:02,LW,51,0:01,Direct free kick,
13/14,LaLiga,6,9/25/2013,A,Real Madrid,Elche CF,1:02,LW,90,1:02,Penalty,
13/14,UEFA Champions League,Group Stage,10/2/2013,H,Real Madrid,FC Copenhagen,4:00,LW,21,1:00,Header,Marcelo
13/14,UEFA Champions League,Group Stage,10/2/2013,H,Real Madrid,FC Copenhagen,4:00,LW,65,2:00,Header,Angel Di Maria
13/14,LaLiga,8,10/5/2013,A,Real Madrid,Levante UD,2:03,LW,90,2:03,Right-footed shot,Luka Modric
13/14,LaLiga,9,10/19/2013,H,Real Madrid,Malaga CF,2:00,LW,90,2:00,Penalty,
13/14,UEFA Champions League,Group Stage,10/23/2013,H,Real Madrid,Juventus FC,2:01,LW,4,1:00,Right-footed shot,Angel Di Maria
13/14,UEFA Champions League,Group Stage,10/23/2013,H,Real Madrid,Juventus FC,2:01,LW,29,2:01,Penalty,
13/14,LaLiga,11,10/30/2013,H,Real Madrid,Sevilla FC,7:03,LW,31,3:00,Penalty,
13/14,LaLiga,11,10/30/2013,H,Real Madrid,Sevilla FC,7:03,LW,60,5:02,Right-footed shot,Gareth Bale
13/14,LaLiga,11,10/30/2013,H,Real Madrid,Sevilla FC,7:03,LW,71,6:03,Right-footed shot,Karim Benzema
13/14,LaLiga,12,11/2/2013,A,Real Madrid,Rayo Vallecano,2:03,LW,3,0:01,Right-footed shot,Luka Modric
13/14,LaLiga,12,11/2/2013,A,Real Madrid,Rayo Vallecano,2:03,LW,48,0:03,Right-footed shot,Gareth Bale
13/14,UEFA Champions League,Group Stage,11/5/2013,A,Real Madrid,Juventus FC,2:02,LW,52,1:01,Right-footed shot,Karim Benzema
13/14,LaLiga,13,11/9/2013,H,Real Madrid,Real Sociedad,5:01,LW,12,1:00,Right-footed shot,Karim Benzema
13/14,LaLiga,13,11/9/2013,H,Real Madrid,Real Sociedad,5:01,LW,27,3:00,Penalty,
13/14,LaLiga,13,11/9/2013,H,Real Madrid,Real Sociedad,5:01,LW,76,5:01,Direct free kick,
13/14,LaLiga,14,11/23/2013,A,Real Madrid,UD Almeria,0:05,LW,3,0:01,Left-footed shot,Isco
13/14,UEFA Champions League,Group Stage,12/10/2013,A,Real Madrid,FC Copenhagen,0:02,LW,48,0:02,Right-footed shot,Pepe
13/14,LaLiga,17,12/22/2013,A,Real Madrid,Valencia CF,2:03,LW,40,1:02,Header,Angel Di Maria
13/14,LaLiga,18,1/6/2014,H,Real Madrid,Celta de Vigo,3:00,LW,82,2:00,Right-footed shot,Daniel Carvajal
13/14,LaLiga,18,1/6/2014,H,Real Madrid,Celta de Vigo,3:00,LW,90,3:00,Right-footed shot,Gareth Bale
13/14,Copa del Rey,last 16,1/15/2014,A,Real Madrid,CA Osasuna,0:02,LW,22,0:01,Direct free kick,
13/14,LaLiga,20,1/18/2014,A,Real Madrid,Real Betis Balompie,0:05,LW,10,0:01,Right-footed shot,Angel Di Maria
13/14,LaLiga,21,1/25/2014,H,Real Madrid,Granada CF,2:00,LW,57,1:00,Right-footed shot,Luka Modric
13/14,Copa del Rey,Semi-Finals,2/11/2014,A,Real Madrid,Atletico de Madrid,0:02,LW,6,0:01,Penalty,
13/14,Copa del Rey,Semi-Finals,2/11/2014,A,Real Madrid,Atletico de Madrid,0:02,LW,15,0:02,Penalty,
13/14,UEFA Champions League,last 16,2/26/2014,A,Real Madrid,FC Schalke 04,1:06,LW,52,0:03,Left-footed shot,Gareth Bale
13/14,UEFA Champions League,last 16,2/26/2014,A,Real Madrid,FC Schalke 04,1:06,LW,89,0:06,Right-footed shot,Karim Benzema
13/14,LaLiga,26,3/2/2014,A,Real Madrid,Atletico de Madrid,2:02,LW,82,2:02,Right-footed shot,Gareth Bale
13/14,LaLiga,27,3/9/2014,H,Real Madrid,Levante UD,3:00,LW,11,1:00,Header,Angel Di Maria
13/14,LaLiga,28,3/15/2014,A,Real Madrid,Malaga CF,0:01,LW,23,0:01,Right-footed shot,Gareth Bale
13/14,UEFA Champions League,last 16,3/18/2014,H,Real Madrid,FC Schalke 04,3:01,LW,22,1:00,Right-footed shot,Gareth Bale
13/14,UEFA Champions League,last 16,3/18/2014,H,Real Madrid,FC Schalke 04,3:01,LW,74,2:01,Right-footed shot,
13/14,LaLiga,29,3/23/2014,H,Real Madrid,FC Barcelona,3:04,LW,55,3:02,Penalty,
13/14,LaLiga,30,3/26/2014,A,Real Madrid,Sevilla FC,2:01,LW,14,0:01,Direct free kick,
13/14,LaLiga,31,3/29/2014,H,Real Madrid,Rayo Vallecano,5:00,LW,15,1:00,Right-footed shot,Gareth Bale
13/14,UEFA Champions League,Quarter-Finals,4/2/2014,H,Real Madrid,Borussia Dortmund,3:00,LW,57,3:00,Left-footed shot,Luka Modric
13/14,LaLiga,35,4/26/2014,H,Real Madrid,CA Osasuna,4:00,LW,6,1:00,Long distance kick,Angel Di Maria
13/14,LaLiga,35,4/26/2014,H,Real Madrid,CA Osasuna,4:00,LW,52,2:00,Long distance kick,Isco
13/14,UEFA Champions League,Semi-Finals,4/29/2014,A,Real Madrid,Bayern Munich,0:04,LW,34,0:03,Counter attack goal,Gareth Bale
13/14,UEFA Champions League,Semi-Finals,4/29/2014,A,Real Madrid,Bayern Munich,0:04,LW,90,0:04,Direct free kick,
13/14,LaLiga,36,5/4/2014,H,Real Madrid,Valencia CF,2:02,LW,90,2:02,Right-footed shot,Angel Di Maria
13/14,UEFA Champions League,Final,5/24/2014,H,Real Madrid,Atletico de Madrid,4:1 AET,LW,120,4:01,Penalty,
14/15,UEFA Super Cup,Final,8/12/2014,H,Real Madrid,Sevilla FC,2:00,LW,30,1:00,Right-footed shot,Gareth Bale
14/15,UEFA Super Cup,Final,8/12/2014,H,Real Madrid,Sevilla FC,2:00,LW,49,2:00,Left-footed shot,Karim Benzema
14/15,LaLiga,1,8/25/2014,H,Real Madrid,CÃ³rdoba CF,2:00,LW,90,2:00,Right-footed shot,Isco
14/15,LaLiga,3,9/13/2014,H,Real Madrid,Atletico de Madrid,1:02,LW,25,1:01,Penalty,
14/15,UEFA Champions League,Group Stage,9/16/2014,H,Real Madrid,FC Basel 1893,5:01,LW,31,3:00,Right-footed shot,Gareth Bale
14/15,LaLiga,4,9/20/2014,A,Real Madrid,Deportivo de La CoruÃ±a,2:08,RW,29,0:01,Header,Alvaro Arbeloa
14/15,LaLiga,4,9/20/2014,A,Real Madrid,Deportivo de La CoruÃ±a,2:08,RW,41,0:03,Left-footed shot,Karim Benzema
14/15,LaLiga,4,9/20/2014,A,Real Madrid,Deportivo de La CoruÃ±a,2:08,RW,78,1:06,Left-footed shot,James Rodriguez
14/15,LaLiga,5,9/23/2014,H,Real Madrid,Elche CF,5:01,CF,28,2:01,Penalty,
14/15,LaLiga,5,9/23/2014,H,Real Madrid,Elche CF,5:01,CF,32,3:01,Header,Marcelo
14/15,LaLiga,5,9/23/2014,H,Real Madrid,Elche CF,5:01,CF,80,4:01,Penalty,
14/15,LaLiga,5,9/23/2014,H,Real Madrid,Elche CF,5:01,CF,90,5:01,Right-footed shot,Gareth Bale
14/15,LaLiga,6,9/27/2014,A,Real Madrid,Villarreal CF,0:02,CF,40,0:02,Right-footed shot,Karim Benzema
14/15,UEFA Champions League,Group Stage,10/1/2014,A,Real Madrid,Ludogorets Razgrad,1:02,CF,25,1:01,Penalty,
14/15,LaLiga,7,10/5/2014,H,Real Madrid,Athletic Bilbao,5:00,LW,3,1:00,Header,Gareth Bale
14/15,LaLiga,7,10/5/2014,H,Real Madrid,Athletic Bilbao,5:00,LW,55,3:00,Right-footed shot,Gareth Bale
14/15,LaLiga,7,10/5/2014,H,Real Madrid,Athletic Bilbao,5:00,LW,89,5:00,Deflected shot on goal,Pepe
14/15,LaLiga,8,10/18/2014,A,Real Madrid,Levante UD,0:05,CF,13,0:01,Penalty,
14/15,LaLiga,8,10/18/2014,A,Real Madrid,Levante UD,0:05,CF,61,0:03,Right-footed shot,Isco
14/15,UEFA Champions League,Group Stage,10/22/2014,A,Real Madrid,Liverpool FC,0:03,CF,23,0:01,Right-footed shot,James Rodriguez
14/15,LaLiga,9,10/25/2014,H,Real Madrid,FC Barcelona,3:01,CF,35,1:01,Penalty,
14/15,LaLiga,10,11/1/2014,A,Real Madrid,Granada CF,0:04,CF,2,0:01,Right-footed shot,Karim Benzema
14/15,LaLiga,11,11/8/2014,H,Real Madrid,Rayo Vallecano,5:01,CF,83,5:01,Right-footed shot,Isco
14/15,LaLiga,12,11/22/2014,A,Real Madrid,SD Eibar,0:04,CF,43,0:02,Right-footed shot,Daniel Carvajal
14/15,LaLiga,12,11/22/2014,A,Real Madrid,SD Eibar,0:04,CF,83,0:04,Penalty,
14/15,UEFA Champions League,Group Stage,11/26/2014,A,Real Madrid,FC Basel 1893,0:01,LW,35,0:01,Left-footed shot,Karim Benzema
14/15,LaLiga,14,12/6/2014,H,Real Madrid,Celta de Vigo,3:00,CF,36,1:00,Penalty,
14/15,LaLiga,14,12/6/2014,H,Real Madrid,Celta de Vigo,3:00,CF,65,2:00,Right-footed shot,
14/15,LaLiga,14,12/6/2014,H,Real Madrid,Celta de Vigo,3:00,CF,81,3:00,Left-footed shot,Marcelo
14/15,UEFA Champions League,Group Stage,12/9/2014,H,Real Madrid,Ludogorets Razgrad,4:00,CF ,20,1:00,Penalty,
14/15,LaLiga,15,12/12/2014,A,Real Madrid,UD Almeria,1:04,CF,81,1:03,Right-footed shot,Karim Benzema
14/15,LaLiga,15,12/12/2014,A,Real Madrid,UD Almeria,1:04,CF,89,1:04,Right-footed shot,Daniel Carvajal
14/15,LaLiga,17,1/4/2015,A,Real Madrid,Valencia CF,2:01,LW,14,0:01,Penalty,
14/15,Copa del Rey,last 16,1/15/2015,H,Real Madrid,Atletico de Madrid,2:02,CF,54,2:02,Header,Gareth Bale
14/15,LaLiga,19,1/18/2015,A,Real Madrid,Getafe CF,0:03,LW,63,0:01,Left-footed shot,Karim Benzema
14/15,LaLiga,19,1/18/2015,A,Real Madrid,Getafe CF,0:03,LW,79,0:03,Header,James Rodriguez
14/15,UEFA Champions League,last 16,2/18/2015,A,Real Madrid,FC Schalke 04,0:02,LW,26,0:01,Header,Daniel Carvajal
14/15,LaLiga,24,2/22/2015,A,Real Madrid,Elche CF,0:02,CF,69,0:02,Header,Isco
14/15,LaLiga,25,3/1/2015,H,Real Madrid,Villarreal CF,1:01,CF,52,1:00,Penalty,
14/15,UEFA Champions League,last 16,3/10/2015,H,Real Madrid,FC Schalke 04,3:04,CF,25,1:01,Header,Toni Kroos
14/15,UEFA Champions League,last 16,3/10/2015,H,Real Madrid,FC Schalke 04,3:04,CF,45,2:02,Header,Fabio CoentrÃ£o
14/15,LaLiga,28,3/22/2015,A,Real Madrid,FC Barcelona,2:01,LW,31,1:01,Right-footed shot,Karim Benzema
14/15,LaLiga,29,4/5/2015,H,Real Madrid,Granada CF,9:01,CF,30,2:00,Right-footed shot,James Rodriguez
14/15,LaLiga,29,4/5/2015,H,Real Madrid,Granada CF,9:01,CF,36,3:00,Right-footed shot,
14/15,LaLiga,29,4/5/2015,H,Real Madrid,Granada CF,9:01,CF,38,4:00,Long distance kick,Gareth Bale
14/15,LaLiga,29,4/5/2015,H,Real Madrid,Granada CF,9:01,CF,54,6:00,Header,Gareth Bale
14/15,LaLiga,29,4/5/2015,H,Real Madrid,Granada CF,9:01,CF,90,9:01,Header,Luka Modric
14/15,LaLiga,30,4/8/2015,A,Real Madrid,Rayo Vallecano,0:02,LW,68,0:01,Header,Daniel Carvajal
14/15,LaLiga,31,4/11/2015,H,Real Madrid,SD Eibar,3:00,LW,21,1:00,Direct free kick,
14/15,LaLiga,32,4/18/2015,H,Real Madrid,Malaga CF,3:01,CF,90,3:01,Left-footed shot,Chicharito
14/15,LaLiga,35,5/2/2015,A,Real Madrid,Sevilla FC,2:03,CF,36,0:01,Header,Isco
14/15,LaLiga,35,5/2/2015,A,Real Madrid,Sevilla FC,2:03,CF,37,0:02,Right-footed shot,Chicharito
14/15,LaLiga,35,5/2/2015,A,Real Madrid,Sevilla FC,2:03,CF,69,1:03,Header,Gareth Bale
14/15,UEFA Champions League,Semi-Finals,5/5/2015,A,Real Madrid,Juventus FC,2:01,CF,27,1:01,Header,James Rodriguez
14/15,UEFA Champions League,Semi-Finals,5/13/2015,H,Real Madrid,Juventus FC,1:01,LW,23,1:00,Penalty,
14/15,LaLiga,37,5/17/2015,A,Real Madrid,RCD Espanyol Barcelona,1:04,LW,59,0:01,Left-footed shot,Karim Benzema
14/15,LaLiga,37,5/17/2015,A,Real Madrid,RCD Espanyol Barcelona,1:04,LW,83,1:03,Right-footed shot,Chicharito
14/15,LaLiga,37,5/17/2015,A,Real Madrid,RCD Espanyol Barcelona,1:04,LW,90,1:04,Header,James Rodriguez
14/15,LaLiga,38,5/23/2015,H,Real Madrid,Getafe CF,7:03,LW,13,1:00,Header,Marcelo
14/15,LaLiga,38,5/23/2015,H,Real Madrid,Getafe CF,7:03,LW,32,2:02,Direct free kick,
14/15,LaLiga,38,5/23/2015,H,Real Madrid,Getafe CF,7:03,LW,34,3:02,Penalty,
15/16,LaLiga,3,9/12/2015,A,Real Madrid,RCD Espanyol Barcelona,0:06,LW,7,0:01,Right-footed shot,Luka Modric
15/16,LaLiga,3,9/12/2015,A,Real Madrid,RCD Espanyol Barcelona,0:06,LW,17,0:02,Penalty,
15/16,LaLiga,3,9/12/2015,A,Real Madrid,RCD Espanyol Barcelona,0:06,LW,20,0:03,Left-footed shot,Gareth Bale
15/16,LaLiga,3,9/12/2015,A,Real Madrid,RCD Espanyol Barcelona,0:06,LW,62,0:05,Right-footed shot,Gareth Bale
15/16,LaLiga,3,9/12/2015,A,Real Madrid,RCD Espanyol Barcelona,0:06,LW,81,0:06,Right-footed shot,Lucas Vazquez
15/16,UEFA Champions League,Group Stage,9/15/2015,H,Real Madrid,Shakhtar Donetsk,4:00,LW,56,2:00,Penalty,
15/16,UEFA Champions League,Group Stage,9/15/2015,H,Real Madrid,Shakhtar Donetsk,4:00,LW,64,3:00,Penalty,
15/16,UEFA Champions League,Group Stage,9/15/2015,H,Real Madrid,Shakhtar Donetsk,4:00,LW,82,4:00,Header,
15/16,UEFA Champions League,Group Stage,9/30/2015,A,Real Madrid,MalmÃ¶ FF,0:02,LW ,29,0:01,Right-footed shot,Isco
15/16,UEFA Champions League,Group Stage,9/30/2015,A,Real Madrid,MalmÃ¶ FF,0:02,LW ,90,0:02,Left-footed shot,Lucas Vazquez
15/16,LaLiga,8,10/17/2015,H,Real Madrid,Levante UD,3:00,CF,30,2:00,Right-footed shot,Toni Kroos
15/16,LaLiga,9,10/24/2015,A,Real Madrid,Celta de Vigo,1:03,CF,8,0:01,Right-footed shot,Lucas Vazquez
15/16,LaLiga,10,10/31/2015,H,Real Madrid,UD Las Palmas,3:01,CF,14,2:00,Header,Marcelo
15/16,UEFA Champions League,Group Stage,11/25/2015,A,Real Madrid,Shakhtar Donetsk,3:04,CF,18,0:01,Header,Gareth Bale
15/16,UEFA Champions League,Group Stage,11/25/2015,A,Real Madrid,Shakhtar Donetsk,3:04,CF,70,0:04,Right-footed shot,Gareth Bale
15/16,LaLiga,13,11/29/2015,A,Real Madrid,SD Eibar,0:02,CF,82,0:02,Penalty,
15/16,LaLiga,14,12/5/2015,H,Real Madrid,Getafe CF,4:01,LW,38,4:00,Right-footed shot,Toni Kroos
15/16,UEFA Champions League,Group Stage,12/8/2015,H,Real Madrid,MalmÃ¶ FF,8:00,LW,39,3:00,Direct free kick,
15/16,UEFA Champions League,Group Stage,12/8/2015,H,Real Madrid,MalmÃ¶ FF,8:00,LW,47,4:00,Tap-in,
15/16,UEFA Champions League,Group Stage,12/8/2015,H,Real Madrid,MalmÃ¶ FF,8:00,LW,50,5:00,Right-footed shot,Danilo
15/16,UEFA Champions League,Group Stage,12/8/2015,H,Real Madrid,MalmÃ¶ FF,8:00,LW,59,6:00,Right-footed shot,Isco
15/16,LaLiga,16,12/20/2015,H,Real Madrid,Rayo Vallecano,10:02,LW,30,3:02,Penalty,
15/16,LaLiga,16,12/20/2015,H,Real Madrid,Rayo Vallecano,10:02,LW,54,6:02,Header,James Rodriguez
15/16,LaLiga,17,12/30/2015,H,Real Madrid,Real Sociedad,3:01,LW,42,1:00,Penalty,
15/16,LaLiga,17,12/30/2015,H,Real Madrid,Real Sociedad,3:01,LW,68,2:01,Left-footed shot,Marcelo
15/16,LaLiga,20,1/17/2016,H,Real Madrid,Sporting GijÃ³n,5:01,LW,9,2:00,Left-footed shot,Karim Benzema
15/16,LaLiga,20,1/17/2016,H,Real Madrid,Sporting GijÃ³n,5:01,LW,18,4:00,Left-footed shot,Daniel Carvajal
15/16,LaLiga,22,1/31/2016,H,Real Madrid,RCD Espanyol Barcelona,6:00,LW,12,2:00,Penalty,
15/16,LaLiga,22,1/31/2016,H,Real Madrid,RCD Espanyol Barcelona,6:00,LW,45,4:00,Left-footed shot,
15/16,LaLiga,22,1/31/2016,H,Real Madrid,RCD Espanyol Barcelona,6:00,LW,82,5:00,Header,Jese
15/16,LaLiga,24,2/13/2016,H,Real Madrid,Athletic Bilbao,4:02,LW,3,1:00,Right-footed shot,Karim Benzema
15/16,LaLiga,24,2/13/2016,H,Real Madrid,Athletic Bilbao,4:02,LW,87,4:01,Right-footed shot,Lucas Vazquez
15/16,UEFA Champions League,last 16,2/17/2016,A,Real Madrid,AS Roma,0:02,LW,57,0:01,Right-footed shot,Marcelo
15/16,LaLiga,25,2/21/2016,A,Real Madrid,Malaga CF,1:01,LW,33,0:01,Header,Toni Kroos
15/16,LaLiga,27,3/2/2016,A,Real Madrid,Levante UD,1:03,LW,34,0:01,Penalty,
15/16,LaLiga,28,3/5/2016,H,Real Madrid,Celta de Vigo,7:01,LW,50,2:00,Long distance kick,Sergio Ramos
15/16,LaLiga,28,3/5/2016,H,Real Madrid,Celta de Vigo,7:01,LW,58,3:00,Direct free kick,
15/16,LaLiga,28,3/5/2016,H,Real Madrid,Celta de Vigo,7:01,LW,64,4:01,Right-footed shot,Isco
15/16,LaLiga,28,3/5/2016,H,Real Madrid,Celta de Vigo,7:01,LW,76,5:01,Header,Jese
15/16,UEFA Champions League,last 16,3/8/2016,H,Real Madrid,AS Roma,2:00,CF,64,1:00,Right-footed shot,Lucas Vazquez
15/16,LaLiga,30,3/20/2016,H,Real Madrid,Sevilla FC,4:00,LW,64,2:00,Left-footed shot,Danilo
15/16,LaLiga,31,4/2/2016,A,Real Madrid,FC Barcelona,1:02,LW,85,1:02,Right-footed shot,Gareth Bale
15/16,LaLiga,32,4/9/2016,H,Real Madrid,SD Eibar,4:00,CF,19,3:00,Right-footed shot,Jese
15/16,UEFA Champions League,Quarter-Finals,4/12/2016,H,Real Madrid,VfL Wolfsburg,3:00,LW,16,1:00,Right-footed shot,Daniel Carvajal
15/16,UEFA Champions League,Quarter-Finals,4/12/2016,H,Real Madrid,VfL Wolfsburg,3:00,LW,17,2:00,Header,Toni Kroos
15/16,UEFA Champions League,Quarter-Finals,4/12/2016,H,Real Madrid,VfL Wolfsburg,3:00,LW,77,3:00,Direct free kick,
15/16,LaLiga,33,4/16/2016,A,Real Madrid,Getafe CF,1:05,LW,90,1:05,Left-footed shot,Jese
15/16,LaLiga,37,5/8/2016,H,Real Madrid,Valencia CF,3:02,LW,26,1:00,Right-footed shot,Marcelo
15/16,LaLiga,37,5/8/2016,H,Real Madrid,Valencia CF,3:02,LW,59,3:01,Left-footed shot,James Rodriguez
15/16,LaLiga,38,5/14/2016,A,Real Madrid,Deportivo de La CoruÃ±a,0:02,LW,8,0:01,Left-footed shot,Karim Benzema
15/16,LaLiga,38,5/14/2016,A,Real Madrid,Deportivo de La CoruÃ±a,0:02,LW,25,0:02,Header,Toni Kroos
16/17,LaLiga,3,9/10/2016,H,Real Madrid,CA Osasuna,5:02,LW,6,1:00,Right-footed shot,Gareth Bale
16/17,UEFA Champions League,Group Stage,9/14/2016,H,Real Madrid,Sporting CP,2:01,LW,89,1:01,Direct free kick,
16/17,UEFA Champions League,Group Stage,9/27/2016,A,Real Madrid,Borussia Dortmund,2:02,LW,17,0:01,Right-footed shot,Gareth Bale
16/17,LaLiga,8,10/15/2016,A,Real Madrid,Real Betis Balompie,1:06,LW,78,1:06,Right-footed shot,Alvaro Morata
16/17,LaLiga,10,10/29/2016,A,Real Madrid,Deportivo Alaves,1:04,LW,17,1:01,Penalty,
16/17,LaLiga,10,10/29/2016,A,Real Madrid,Deportivo Alaves,1:04,LW,33,1:02,Right-footed shot,Karim Benzema
16/17,LaLiga,10,10/29/2016,A,Real Madrid,Deportivo Alaves,1:04,LW,88,1:04,Right-footed shot,Marcelo
16/17,LaLiga,12,11/19/2016,A,Real Madrid,Atletico de Madrid,0:03,CF,23,0:01,Direct free kick,
16/17,LaLiga,12,11/19/2016,A,Real Madrid,Atletico de Madrid,0:03,CF,71,0:02,Penalty,
16/17,LaLiga,12,11/19/2016,A,Real Madrid,Atletico de Madrid,0:03,CF,77,0:03,Right-footed shot,Gareth Bale
16/17,LaLiga,13,11/26/2016,H,Real Madrid,Sporting GijÃ³n,2:01,LW,5,1:00,Penalty,
16/17,LaLiga,13,11/26/2016,H,Real Madrid,Sporting GijÃ³n,2:01,LW,18,2:00,Header,Nacho Fernandez
16/17,FIFA Club World Cup,Semi-Finals,12/15/2016,A,Real Madrid,CF America,0:02,LW,90,0:02,Right-footed shot,James Rodriguez
16/17,FIFA Club World Cup,Final,12/18/2016,H,Real Madrid,Kashima Antlers,4:2 AET,LW,60,2:02,Penalty,
16/17,FIFA Club World Cup,Final,12/18/2016,H,Real Madrid,Kashima Antlers,4:2 AET,LW,97,3:02,Left-footed shot,Karim Benzema
16/17,FIFA Club World Cup,Final,12/18/2016,H,Real Madrid,Kashima Antlers,4:2 AET,LW,104,4:02,Left-footed shot,Toni Kroos
16/17,LaLiga,17,1/7/2017,H,Real Madrid,Granada CF,5:00,LW,27,3:00,Header,Marcelo
16/17,LaLiga,18,1/15/2017,A,Real Madrid,Sevilla FC,2:01,CF,67,0:01,Penalty,
16/17,Copa del Rey,Quarter-Finals,1/25/2017,A,Real Madrid,Celta de Vigo,2:02,CF,62,1:01,Direct free kick,
16/17,LaLiga,20,1/29/2017,H,Real Madrid,Real Sociedad,3:00,LW,51,2:00,Right-footed shot,Mateo Kovacic
16/17,LaLiga,22,2/11/2017,A,Real Madrid,CA Osasuna,1:03,CF,24,0:01,Right-footed shot,Karim Benzema
16/17,LaLiga,16,2/22/2017,A,Real Madrid,Valencia CF,2:01,LW,44,2:01,Header,Marcelo
16/17,LaLiga,24,2/26/2017,A,Real Madrid,Villarreal CF,2:03,LW,74,2:02,Penalty,
16/17,LaLiga,25,3/1/2017,H,Real Madrid,UD Las Palmas,3:03,LW,86,2:03,Penalty,
16/17,LaLiga,25,3/1/2017,H,Real Madrid,UD Las Palmas,3:03,LW,89,3:03,Header,James Rodriguez
16/17,LaLiga,27,3/12/2017,H,Real Madrid,Real Betis Balompie,2:01,LW,41,1:01,Header,Marcelo
16/17,UEFA Champions League,Quarter-Finals,4/12/2017,A,Real Madrid,Bayern Munich,1:02,LW,47,1:01,Right-footed shot,Daniel Carvajal
16/17,UEFA Champions League,Quarter-Finals,4/12/2017,A,Real Madrid,Bayern Munich,1:02,LW,77,1:02,Right-footed shot,Marco Asensio
16/17,UEFA Champions League,Quarter-Finals,4/18/2017,H,Real Madrid,Bayern Munich,4:2 AET,CF,76,1:01,Header,Casemiro
16/17,UEFA Champions League,Quarter-Finals,4/18/2017,H,Real Madrid,Bayern Munich,4:2 AET,CF,105,2:02,Left-footed shot,Sergio Ramos
16/17,UEFA Champions League,Quarter-Finals,4/18/2017,H,Real Madrid,Bayern Munich,4:2 AET,CF,109,3:02,Right-footed shot,Marcelo
16/17,LaLiga,35,4/29/2017,H,Real Madrid,Valencia CF,2:01,LW,27,1:00,Header,Daniel Carvajal
16/17,UEFA Champions League,Semi-Finals,5/2/2017,H,Real Madrid,Atletico de Madrid,3:00,CF,10,1:00,Header,Casemiro
16/17,UEFA Champions League,Semi-Finals,5/2/2017,H,Real Madrid,Atletico de Madrid,3:00,CF,73,2:00,Right-footed shot,Karim Benzema
16/17,UEFA Champions League,Semi-Finals,5/2/2017,H,Real Madrid,Atletico de Madrid,3:00,CF,86,3:00,Right-footed shot,Lucas Vazquez
16/17,LaLiga,37,5/14/2017,H,Real Madrid,Sevilla FC,4:01,LW,23,2:00,Right-footed shot,
16/17,LaLiga,37,5/14/2017,H,Real Madrid,Sevilla FC,4:01,LW,78,3:01,Left-footed shot,Toni Kroos
16/17,LaLiga,21,5/17/2017,A,Real Madrid,Celta de Vigo,1:04,CF,10,0:01,Left-footed shot,
16/17,LaLiga,21,5/17/2017,A,Real Madrid,Celta de Vigo,1:04,CF,48,0:02,Left-footed shot,Isco
16/17,LaLiga,38,5/21/2017,A,Real Madrid,Malaga CF,0:02,CF,2,0:01,Right-footed shot,Isco
16/17,UEFA Champions League,Final,6/3/2017,A,Real Madrid,Juventus FC,1:04,CF,20,0:01,Right-footed shot,Daniel Carvajal
16/17,UEFA Champions League,Final,6/3/2017,A,Real Madrid,Juventus FC,1:04,CF,64,1:03,Right-footed shot,Luka Modric
17/18,Supercopa,final,8/13/2017,A,Real Madrid,FC Barcelona,1:03,CF,80,1:02,Right-footed shot,Isco
17/18,UEFA Champions League,Group Stage,9/13/2017,H,Real Madrid,APOEL Nicosia,3:00,CF,12,1:00,Counter attack goal,Gareth Bale
17/18,UEFA Champions League,Group Stage,9/13/2017,H,Real Madrid,APOEL Nicosia,3:00,CF,51,2:00,Penalty,
17/18,UEFA Champions League,Group Stage,9/26/2017,A,Real Madrid,Borussia Dortmund,1:03,CF,49,0:02,Left-footed shot,Gareth Bale
17/18,UEFA Champions League,Group Stage,9/26/2017,A,Real Madrid,Borussia Dortmund,1:03,CF,79,1:03,Right-footed shot,Luka Modric
17/18,LaLiga,8,10/14/2017,A,Real Madrid,Getafe CF,1:02,CF,85,1:02,Right-footed shot,Isco
17/18,UEFA Champions League,Group Stage,10/17/2017,H,Real Madrid,Tottenham Hotspur,1:01,LW,43,1:01,Penalty,
17/18,UEFA Champions League,Group Stage,11/1/2017,A,Real Madrid,Tottenham Hotspur,3:01,LW,80,3:01,Right-footed shot,Borja Mayoral
17/18,UEFA Champions League,Group Stage,11/21/2017,A,Real Madrid,APOEL Nicosia,0:06,LW,49,0:05,Header,Marcelo
17/18,UEFA Champions League,Group Stage,11/21/2017,A,Real Madrid,APOEL Nicosia,0:06,LW,54,0:06,Left-footed shot,
17/18,LaLiga,13,11/25/2017,H,Real Madrid,Malaga CF,3:02,CF,76,3:02,Penalty rebound,
17/18,UEFA Champions League,Group Stage,12/6/2017,H,Real Madrid,Borussia Dortmund,3:02,LW,12,2:00,Right-footed shot,Mateo Kovacic
17/18,LaLiga,15,12/9/2017,H,Real Madrid,Sevilla FC,5:00,CF,23,2:00,Right-footed shot,Marco Asensio
17/18,LaLiga,15,12/9/2017,H,Real Madrid,Sevilla FC,5:00,CF,31,3:00,Penalty,
17/18,FIFA Club World Cup,Semi-Finals,12/13/2017,A,Real Madrid,Al-Jazira (Abu Dhabi),1:02,LW,53,1:01,Right-footed shot,Luka Modric
17/18,FIFA Club World Cup,Final,12/16/2017,H,Real Madrid,GrÃªmio Foot-Ball Porto Alegrense,1:00,LW,53,1:00,Direct free kick,
17/18,LaLiga,20,1/21/2018,H,Real Madrid,Deportivo de La CoruÃ±a,7:01,LW,78,5:01,Left-footed shot,Casemiro
17/18,LaLiga,20,1/21/2018,H,Real Madrid,Deportivo de La CoruÃ±a,7:01,LW,84,6:01,Header,Lucas Vazquez
17/18,LaLiga,21,1/27/2018,A,Real Madrid,Valencia CF,1:04,LW,16,0:01,Penalty,
17/18,LaLiga,21,1/27/2018,A,Real Madrid,Valencia CF,1:04,LW,38,0:02,Penalty,
17/18,LaLiga,23,2/10/2018,H,Real Madrid,Real Sociedad,5:02,CF,27,2:00,Right-footed shot,Marcelo
17/18,LaLiga,23,2/10/2018,H,Real Madrid,Real Sociedad,5:02,CF,37,4:00,Header,Luka Modric
17/18,LaLiga,23,2/10/2018,H,Real Madrid,Real Sociedad,5:02,CF,80,5:01,Tap-in,
17/18,UEFA Champions League,last 16,2/14/2018,H,Real Madrid,Paris Saint-Germain,3:01,LW,45,1:01,Penalty,
17/18,UEFA Champions League,last 16,2/14/2018,H,Real Madrid,Paris Saint-Germain,3:01,LW,83,2:01,Tap-in,
17/18,LaLiga,24,2/18/2018,A,Real Madrid,Real Betis Balompie,3:05,CF,65,2:04,Right-footed shot,Casemiro
17/18,LaLiga,25,2/24/2018,H,Real Madrid,Deportivo Alaves,4:00,CF ,44,1:00,Left-footed shot,Karim Benzema
17/18,LaLiga,25,2/24/2018,H,Real Madrid,Deportivo Alaves,4:00,CF ,61,3:00,Right-footed shot,Lucas Vazquez
17/18,LaLiga,27,3/3/2018,H,Real Madrid,Getafe CF,3:01,CF,45,2:00,Left-footed shot,Karim Benzema
17/18,LaLiga,27,3/3/2018,H,Real Madrid,Getafe CF,3:01,CF,78,3:01,Header,Marcelo
17/18,UEFA Champions League,last 16,3/6/2018,A,Real Madrid,Paris Saint-Germain,1:02,CF,51,0:01,Header,Lucas Vazquez
17/18,LaLiga,28,3/10/2018,A,Real Madrid,SD Eibar,1:02,CF,33,0:01,Right-footed shot,Luka Modric
17/18,LaLiga,28,3/10/2018,A,Real Madrid,SD Eibar,1:02,CF,84,1:02,Header,Daniel Carvajal
17/18,LaLiga,29,3/18/2018,H,Real Madrid,Girona FC,6:03,CF,11,1:00,Left-footed shot,Toni Kroos
17/18,LaLiga,29,3/18/2018,H,Real Madrid,Girona FC,6:03,CF,47,2:01,Left-footed shot,Karim Benzema
17/18,LaLiga,29,3/18/2018,H,Real Madrid,Girona FC,6:03,CF,64,4:01,Tap-in,
17/18,LaLiga,29,3/18/2018,H,Real Madrid,Girona FC,6:03,CF,90,6:03,Right-footed shot,Toni Kroos
17/18,UEFA Champions League,Quarter-Finals,4/3/2018,A,Real Madrid,Juventus FC,0:03,CF,3,0:01,Right-footed shot,Isco
17/18,UEFA Champions League,Quarter-Finals,4/3/2018,A,Real Madrid,Juventus FC,0:03,CF,64,0:02,Right-footed shot,Daniel Carvajal
17/18,LaLiga,31,4/8/2018,H,Real Madrid,Atletico de Madrid,1:01,CF,53,1:00,Right-footed shot,Gareth Bale
17/18,UEFA Champions League,Quarter-Finals,4/11/2018,H,Real Madrid,Juventus FC,1:03,CF,90,1:03,Penalty,
17/18,LaLiga,33,4/18/2018,H,Real Madrid,Athletic Bilbao,1:01,CF,87,1:01,Right-footed shot,Luka Modric
17/18,LaLiga,36,5/6/2018,A,Real Madrid,FC Barcelona,2:02,LW,14,1:01,Right-footed shot,Karim Benzema
17/18,LaLiga,38,5/19/2018,A,Real Madrid,Villarreal CF,2:02,CF,32,0:02,Header,Marcelo
18/19,Serie A,4,9/16/2018,H,Juventus FC,US Sassuolo,2:01,CF,50,1:00,Tap-in,
18/19,Serie A,4,9/16/2018,H,Juventus FC,US Sassuolo,2:01,CF,65,2:00,Left-footed shot,Emre Can
18/19,Serie A,5,9/23/2018,A,Juventus FC,Frosinone Calcio,0:02,LW,81,0:01,Left-footed shot,
18/19,Serie A,8,10/6/2018,A,Juventus FC,Udinese Calcio,0:02,LW,37,0:02,Left-footed shot,Mario Mandzukic
18/19,Serie A,9,10/20/2018,H,Juventus FC,Genoa CFC,1:01,LW,18,1:00,Tap-in,
18/19,Serie A,10,10/27/2018,A,Juventus FC,Empoli FC ,1:02,CF,54,1:01,Penalty,
18/19,Serie A,10,10/27/2018,A,Juventus FC,Empoli FC ,1:02,CF,70,1:02,Right-footed shot,Blaise Matuidi
18/19,UEFA Champions League,Group Stage,11/7/2018,H,Juventus FC,Manchester United,1:02,CF,65,1:00,Right-footed shot,Leonardo Bonucci
18/19,Serie A,12,11/11/2018,A,Juventus FC,AC Milan,0:02,LW,81,0:02,Tap-in,
18/19,Serie A,13,11/24/2018,H,Juventus FC,SPAL,2:00,CF,29,1:00,Left-footed shot,Miralem Pjanic
18/19,Serie A,14,12/1/2018,A,Juventus FC,ACF Fiorentina,0:03,LW,79,0:03,Penalty,
18/19,Serie A,16,12/15/2018,A,Juventus FC,Torino FC,0:01,LW,70,0:01,Penalty,
18/19,Serie A,18,12/26/2018,A,Juventus FC,Atalanta BC,2:02,CF,78,2:02,Header,Giorgio Chiellini
18/19,Serie A,19,12/29/2018,H,Juventus FC,UC Sampdoria,2:01,LW,2,1:00,Right-footed shot,Paulo Dybala
18/19,Serie A,19,12/29/2018,H,Juventus FC,UC Sampdoria,2:01,LW,65,2:01,Penalty,
18/19,Supercoppa Italiana,Final,1/16/2019,H,Juventus FC,AC Milan,1:00,LW,61,1:00,Header,Miralem Pjanic
18/19,Serie A,21,1/27/2019,A,Juventus FC,SS Lazio,1:02,LW,88,1:02,Penalty,
18/19,Serie A,22,2/2/2019,H,Juventus FC,Parma Calcio 1913,3:03,LW,36,1:00,Right-footed shot,Blaise Matuidi
18/19,Serie A,22,2/2/2019,H,Juventus FC,Parma Calcio 1913,3:03,LW,66,3:01,Header,Mario Mandzukic
18/19,Serie A,23,2/10/2019,A,Juventus FC,US Sassuolo,0:03,LW,70,0:02,Header,Miralem Pjanic
18/19,Serie A,24,2/15/2019,H,Juventus FC,Frosinone Calcio,3:00,LW,63,3:00,Right-footed shot,Mario Mandzukic
18/19,UEFA Champions League,last 16,3/12/2019,H,Juventus FC,Atletico de Madrid,3:00,CF,27,1:00,Header,Federico Bernardeschi
18/19,UEFA Champions League,last 16,3/12/2019,H,Juventus FC,Atletico de Madrid,3:00,CF,49,2:00,Header,JoÃ£o Cancelo
18/19,UEFA Champions League,last 16,3/12/2019,H,Juventus FC,Atletico de Madrid,3:00,CF,86,3:00,Penalty,
18/19,UEFA Champions League,Quarter-Finals,4/10/2019,A,Juventus FC,Ajax Amsterdam,1:01,LW,45,0:01,Header,JoÃ£o Cancelo
18/19,UEFA Champions League,Quarter-Finals,4/16/2019,H,Juventus FC,Ajax Amsterdam,1:02,LW,28,1:00,Header,Miralem Pjanic
18/19,Serie A,34,4/27/2019,A,Juventus FC,Inter Milan,1:01,CF,62,1:01,Left-footed shot,Miralem Pjanic
18/19,Serie A,35,5/3/2019,H,Juventus FC,Torino FC,1:01,CF,84,1:01,Header,Leonardo Spinazzola
19/20,Serie A,2,8/31/2019,H,Juventus FC,SSC Napoli,4:03,LW,62,3:00,Left-footed shot,Douglas Costa
19/20,Serie A,4,9/21/2019,H,Juventus FC,Hellas Verona,2:01,LW,49,2:01,Penalty,
19/20,Serie A,6,9/28/2019,H,Juventus FC,SPAL,2:00,CF,78,2:00,Header,Paulo Dybala
19/20,UEFA Champions League,Group Stage,10/1/2019,H,Juventus FC,Bayer 04 Leverkusen,3:00,CF,89,3:00,Right-footed shot,Paulo Dybala
19/20,Serie A,8,10/19/2019,H,Juventus FC,Bologna FC 1909,2:01,CF,19,1:00,Right-footed shot,
19/20,Serie A,10,10/30/2019,H,Juventus FC,Genoa CFC,2:01,CF,90,2:01,Penalty,
19/20,Serie A,14,12/1/2019,H,Juventus FC,US Sassuolo,2:02,CF,68,2:02,Penalty,
19/20,Serie A,15,12/7/2019,A,Juventus FC,SS Lazio,3:01,CF,25,0:01,Tap-in,Rodrigo Bentancur
19/20,UEFA Champions League,Group Stage,12/11/2019,A,Juventus FC,Bayer 04 Leverkusen,0:02,CF,75,0:01,Right-footed shot,Paulo Dybala
19/20,Serie A,16,12/15/2019,H,Juventus FC,Udinese Calcio,3:01,CF,9,1:00,Right-footed shot,
19/20,Serie A,16,12/15/2019,H,Juventus FC,Udinese Calcio,3:01,CF,37,2:00,Left-footed shot,Gonzalo Higuain
19/20,Serie A,17,12/18/2019,A,Juventus FC,UC Sampdoria,1:02,LW,45,1:02,Header,Alex Sandro
19/20,Serie A,18,1/6/2020,H,Juventus FC,Cagliari Calcio,4:00,CF,49,1:00,Right-footed shot,
19/20,Serie A,18,1/6/2020,H,Juventus FC,Cagliari Calcio,4:00,CF,67,2:00,Penalty,
19/20,Serie A,18,1/6/2020,H,Juventus FC,Cagliari Calcio,4:00,CF,82,4:00,Left-footed shot,Douglas Costa
19/20,Serie A,19,1/12/2020,A,Juventus FC,AS Roma,1:02,CF,10,0:02,Penalty,
19/20,Serie A,20,1/19/2020,H,Juventus FC,Parma Calcio 1913,2:01,CF,43,1:00,Deflected shot on goal,Blaise Matuidi
19/20,Serie A,20,1/19/2020,H,Juventus FC,Parma Calcio 1913,2:01,CF,58,2:01,Right-footed shot,Paulo Dybala
19/20,Italy Cup,Quarter-Finals,1/22/2020,H,Juventus FC,AS Roma,3:01,LW,26,1:00,Left-footed shot,Gonzalo Higuain
19/20,Serie A,21,1/26/2020,A,Juventus FC,SSC Napoli,2:01,LW,90,2:01,Right-footed shot,Rodrigo Bentancur
19/20,Serie A,22,2/2/2020,H,Juventus FC,ACF Fiorentina,3:00,LW,40,1:00,Penalty,
19/20,Serie A,22,2/2/2020,H,Juventus FC,ACF Fiorentina,3:00,LW,80,2:00,Penalty,
19/20,Serie A,23,2/8/2020,A,Juventus FC,Hellas Verona,2:01,LW,65,0:01,Right-footed shot,Rodrigo Bentancur
19/20,Italy Cup,Semi-Finals,2/13/2020,A,Juventus FC,AC Milan,1:01,LW,90,1:01,Penalty,
19/20,Serie A,25,2/22/2020,A,Juventus FC,SPAL,1:02,LW,39,0:01,Tap-in,Juan Cuadrado
19/20,Serie A,27,6/22/2020,A,Juventus FC,Bologna FC 1909,0:02,LW,23,0:01,Penalty,
19/20,Serie A,28,6/26/2020,H,Juventus FC,US Lecce,4:00,LW,62,2:00,Penalty,
19/20,Serie A,29,6/30/2020,A,Juventus FC,Genoa CFC,1:03,LW,56,0:02,Long distance kick,Miralem Pjanic
19/20,Serie A,30,7/4/2020,H,Juventus FC,Torino FC,4:01,LW,61,3:01,Direct free kick,
19/20,Serie A,31,7/7/2020,A,Juventus FC,AC Milan,4:02,LW,53,0:02,Left-footed shot,Juan Cuadrado
19/20,Serie A,32,7/11/2020,H,Juventus FC,Atalanta BC,2:02,LW,55,1:01,Penalty,
19/20,Serie A,32,7/11/2020,H,Juventus FC,Atalanta BC,2:02,LW,90,2:02,Penalty,
19/20,Serie A,34,7/20/2020,H,Juventus FC,SS Lazio,2:01,LW,51,1:00,Penalty,
19/20,Serie A,34,7/20/2020,H,Juventus FC,SS Lazio,2:01,LW,54,2:00,Counter attack goal,Paulo Dybala
19/20,Serie A,36,7/26/2020,H,Juventus FC,UC Sampdoria,2:00,LW,45,1:00,Right-footed shot,Miralem Pjanic
19/20,UEFA Champions League,last 16,8/7/2020,H,Juventus FC,Olympique Lyon,2:01,LW,43,1:01,Penalty,
19/20,UEFA Champions League,last 16,8/7/2020,H,Juventus FC,Olympique Lyon,2:01,LW,60,2:01,Left-footed shot,Federico Bernardeschi
20/21,Serie A,1,9/20/2020,H,Juventus FC,UC Sampdoria,3:00,CF,88,3:00,Right-footed shot,Aaron Ramsey
20/21,Serie A,2,9/27/2020,A,Juventus FC,AS Roma,2:02,CF,44,1:01,Penalty,
20/21,Serie A,2,9/27/2020,A,Juventus FC,AS Roma,2:02,CF,69,2:02,Header,Danilo
20/21,Serie A,6,11/1/2020,A,Juventus FC,Spezia Calcio,1:04,CF,59,1:02,Right-footed shot,Alvaro Morata
20/21,Serie A,6,11/1/2020,A,Juventus FC,Spezia Calcio,1:04,CF,76,1:04,Penalty,
20/21,Serie A,7,11/8/2020,A,Juventus FC,SS Lazio,1:01,LW,15,0:01,Right-footed shot,Juan Cuadrado
20/21,Serie A,8,11/21/2020,H,Juventus FC,Cagliari Calcio,2:00,CF,38,1:00,Right-footed shot,Alvaro Morata
20/21,Serie A,8,11/21/2020,H,Juventus FC,Cagliari Calcio,2:00,CF,42,2:00,Right-footed shot,Merih Demiral
20/21,UEFA Champions League,Group Stage,11/24/2020,H,Juventus FC,Ferencvarosi TC,2:01,CF,35,1:01,Left-footed shot,Juan Cuadrado
20/21,UEFA Champions League,Group Stage,12/2/2020,H,Juventus FC,Dynamo Kyiv,3:00,CF,57,2:00,Right-footed shot,Alvaro Morata
20/21,UEFA Champions League,Group Stage,12/8/2020,A,Juventus FC,FC Barcelona,0:03,CF,13,0:01,Penalty,
20/21,UEFA Champions League,Group Stage,12/8/2020,A,Juventus FC,FC Barcelona,0:03,CF,52,0:03,Penalty,
20/21,Serie A,11,12/13/2020,A,Juventus FC,Genoa CFC,1:03,CF,78,1:02,Penalty,
20/21,Serie A,11,12/13/2020,A,Juventus FC,Genoa CFC,1:03,CF,89,1:03,Penalty,
20/21,Serie A,13,12/19/2020,A,Juventus FC,Parma Calcio 1913,0:04,CF,26,0:02,Header,Alvaro Morata
20/21,Serie A,13,12/19/2020,A,Juventus FC,Parma Calcio 1913,0:04,CF,48,0:03,Left-footed shot,Aaron Ramsey
20/21,Serie A,15,1/3/2021,H,Juventus FC,Udinese Calcio,4:01,CF,31,1:00,Right-footed shot,Aaron Ramsey
20/21,Serie A,15,1/3/2021,H,Juventus FC,Udinese Calcio,4:01,CF,70,3:00,Left-footed shot,Rodrigo Bentancur
20/21,Serie A,17,1/10/2021,H,Juventus FC,US Sassuolo,3:01,CF,90,3:01,Right-footed shot,Danilo
20/21,Supercoppa Italiana,Final,1/20/2021,H,Juventus FC,SSC Napoli,2:00,CF,64,1:00,Tap-in,
20/21,Italy Cup,Semi-Finals,2/2/2021,A,Juventus FC,Inter Milan,1:02,CF,26,1:01,Penalty,
20/21,Italy Cup,Semi-Finals,2/2/2021,A,Juventus FC,Inter Milan,1:02,CF,35,1:02,Left-footed shot,
20/21,Serie A,21,2/6/2021,H,Juventus FC,AS Roma,2:00,CF,13,1:00,Left-footed shot,Alvaro Morata
20/21,Serie A,23,2/22/2021,H,Juventus FC,FC Crotone,3:00,CF,38,1:00,Header,Alex Sandro
20/21,Serie A,23,2/22/2021,H,Juventus FC,FC Crotone,3:00,CF,45,2:00,Header,Aaron Ramsey
20/21,Serie A,24,2/27/2021,A,Juventus FC,Hellas Verona,1:01,CF,49,0:01,Right-footed shot,Federico Chiesa
20/21,Serie A,25,3/2/2021,H,Juventus FC,Spezia Calcio,3:00,CF,89,3:00,Counter attack goal,Rodrigo Bentancur
20/21,Serie A,27,3/14/2021,A,Juventus FC,Cagliari Calcio,1:03,CF,10,0:01,Header,Juan Cuadrado
20/21,Serie A,27,3/14/2021,A,Juventus FC,Cagliari Calcio,1:03,CF,25,0:02,Penalty,
20/21,Serie A,27,3/14/2021,A,Juventus FC,Cagliari Calcio,1:03,CF,32,0:03,Left-footed shot,Federico Chiesa
20/21,Serie A,29,4/3/2021,A,Juventus FC,Torino FC,2:02,CF,79,2:02,Header,Giorgio Chiellini
20/21,Serie A,3,4/7/2021,H,Juventus FC,SSC Napoli,2:01,CF,13,1:00,Right-footed shot,Federico Chiesa
20/21,Serie A,34,5/2/2021,A,Juventus FC,Udinese Calcio,1:02,CF,83,1:01,Penalty,
20/21,Serie A,34,5/2/2021,A,Juventus FC,Udinese Calcio,1:02,CF,89,1:02,Header,Adrien Rabiot
20/21,Serie A,36,5/12/2021,A,Juventus FC,US Sassuolo,1:03,CF,45,0:02,Left-footed shot,
20/21,Serie A,37,5/15/2021,H,Juventus FC,Inter Milan,3:02,CF,24,1:00,Penalty rebound,
21/22,Premier League,4,9/11/2021,H,Manchester United,Newcastle United,4:01,CF,45,1:00,Tap-in,
21/22,Premier League,4,9/11/2021,H,Manchester United,Newcastle United,4:01,CF,62,2:01,Left-footed shot,Luke Shaw
21/22,UEFA Champions League,Group Stage,9/14/2021,A,Manchester United,BSC Young Boys,2:01,CF,13,0:01,Right-footed shot,Bruno Fernandes
21/22,Premier League,5,9/19/2021,A,Manchester United,West Ham United,1:02,CF,35,1:01,Right-footed shot,
21/22,UEFA Champions League,Group Stage,9/29/2021,H,Manchester United,Villarreal CF,2:01,CF,90,2:01,Right-footed shot,Jesse Lingard
21/22,UEFA Champions League,Group Stage,10/20/2021,H,Manchester United,Atalanta BC,3:02,CF,81,3:02,Header,Luke Shaw
21/22,Premier League,10,10/30/2021,A,Manchester United,Tottenham Hotspur,0:03,CF,39,0:01,Right-footed shot,Bruno Fernandes
21/22,UEFA Champions League,Group Stage,11/2/2021,A,Manchester United,Atalanta BC,2:02,CF,45,1:01,Right-footed shot,Bruno Fernandes
21/22,UEFA Champions League,Group Stage,11/2/2021,A,Manchester United,Atalanta BC,2:02,CF,90+1,2:02,Right-footed shot,Mason Greenwood
21/22,UEFA Champions League,Group Stage,11/23/2021,A,Manchester United,Villarreal CF,0:02,CF,78,0:01,Right-footed shot,
21/22,Premier League,14,12/2/2021,H,Manchester United,Arsenal FC,3:02,CF,52,2:01,Right-footed shot,Marcus Rashford
21/22,Premier League,14,12/2/2021,H,Manchester United,Arsenal FC,3:02,CF,70,3:02,Penalty,
21/22,Premier League,16,12/11/2021,A,Manchester United,Norwich City,0:01,CF,75,0:01,Penalty,
21/22,Premier League,20,12/30/2021,H,Manchester United,Burnley FC,3:01,CF,35,3:00,Right-footed shot,
21/22,Premier League,18,2/15/2022,H,Manchester United,Brighton & Hove Albion,2:00,CF,51,1:00,Right-footed shot,Scott McTominay
21/22,Premier League,29,3/12/2022,H,Manchester United,Tottenham Hotspur,3:02,CF,12,1:00,Right-footed shot,Fred
21/22,Premier League,29,3/12/2022,H,Manchester United,Tottenham Hotspur,3:02,CF,38,2:01,Right-footed shot,Jadon Sancho
21/22,Premier League,29,3/12/2022,H,Manchester United,Tottenham Hotspur,3:02,CF,81,3:02,Header,Alex Telles
21/22,Premier League,33,4/16/2022,H,Manchester United,Norwich City,3:02,CF,7,1:00,Right-footed shot,Anthony Elanga
21/22,Premier League,33,4/16/2022,H,Manchester United,Norwich City,3:02,CF,32,2:00,Header,Alex Telles
21/22,Premier League,33,4/16/2022,H,Manchester United,Norwich City,3:02,CF,76,3:02,Direct free kick,
21/22,Premier League,34,4/23/2022,A,Manchester United,Arsenal FC,3:01,CF,34,2:01,Left-footed shot,Nemanja MatiÄ‡
21/22,Premier League,37,4/28/2022,H,Manchester United,Chelsea FC,1:01,CF,62,1:01,Right-footed shot,Nemanja MatiÄ‡
21/22,Premier League,35,5/2/2022,H,Manchester United,Brentford FC,3:00,CF,61,2:00,Penalty,
22/23,Europa League,Group Stage,9/15/2022,A,Manchester United,FC Sheriff,0:02,CF,39,0:02,Penalty,
22/23,Premier League,10,10/9/2022,A,Manchester United,Everton FC,1:02,,44,1:02,Counter attack goal,Casemiro
22/23,Europa League,Group Stage,10/27/2022,H,Manchester United,FC Sheriff,3:00,CF,81,3:00,Left-footed shot,
